knee_moment,thigh,shank,foot,thigh_,shank_,foot_,shank_new,shank_new_second derivative,T_physics,knee_moment_minus_T_physics
5.86441170530137,210.54361881,172.77659003,38.1849262,46.39653687,36.30977211,10.00831429,-0.1260722871978849,-50.10626654175638,-1.044597334928486,6.909009040229856
6.38224908531346,209.59688423,170.05036583,38.63266752,45.00551932,33.37875605,9.56441668,-0.1736538756354331,-72.20764836711417,-0.7713819093544985,7.153630994667958
6.86179189331,208.55618164,167.18059775,39.32053695,43.49895104,30.21498334,9.43937140000001,-0.2237407774000692,-90.96771078592472,-0.5078855009903953,7.369677394300396
7.28805439752474,207.43078505,164.18419808,40.25921053,41.88793919,26.84177923,9.64319652000001,-0.276037817347241,-83.5757945994331,-0.2541081098361764,7.542162507360916
7.64805048359319,206.21710614,161.06339888,41.45674457,40.18136294,23.28154002,10.18277305,-0.3305060386808459,-74.14330926468917,-0.010049735891841882,7.658100219485032
7.93154174206028,204.92556521,157.8391763,42.90479018,38.38800037,19.55262423,11.05775954,-0.3867793385189922,-58.38761822301759,0.2242896208426084,7.707252121217672
8.1315825195135,203.55449232,154.52139014,44.58639878,36.51971733,15.68896603,12.23391578,-0.4446856308880916,-41.63486421290834,0.44890996036717423,7.682672559146326
8.2448411720521,202.13615572,151.15961811,46.46769599,34.60158415,11.75832855,13.62023943,-0.5033596215130451,-30.862445978175224,0.6638112826818561,7.581029889370244
8.27167098776392,200.65026988,147.7408312,48.54158802,32.60641139,7.66982086000002,15.39111894,-0.5630287095166281,-11.896628439176917,0.8689935877866533,7.402677399977268
8.21592966924922,199.12245634,144.30323113,50.80461142,30.59384577,3.59613175999996,17.30420609,-0.6230261491049156,8.380427041582017,1.064456875681566,7.151472793567654
8.0845707214694,197.57372936,140.8921096,53.13965138,28.5252081,-0.57108347999997,19.46582026,-0.6825614509890823,21.84887457049367,1.2502011463665947,6.834369575102804
7.8870504279408,195.99359389,137.49486046,55.6208686,26.46482331,-4.66391752000004,21.73261245,-0.7418546339926279,36.26358376929719,1.4262263998417393,6.4608240280990605
7.63460838602508,194.41048589,134.16857283,58.08189053,24.35444224,-8.82325717000001,24.1315288,-0.7999093050044871,47.53511381023081,1.5925326361069991,6.042075749918081
7.33949269108194,192.81516846,130.89426482,60.63192169,22.27926658,-12.83969949,26.55400825,-0.8570567605034104,61.27175037732968,1.7491198551623748,5.590372835919565
7.01421038826054,191.23444141,127.7173922,63.13196951,20.18412245,-16.8547834,29.04209763,-0.9125036476388688,68.43592553103299,1.8959880570078662,5.1182223312526745
6.67086452964626,189.66710021,124.64473045,65.5782429,18.07557515,-20.84955469,31.57858066,-0.96613171197646,70.68856963671095,2.033137241643473,4.637727288002787
6.3205999079862,188.1065802,121.65832054,68.01519275,16.01324714,-24.67579877,34.04906774,-1.0182543977201473,82.32388388961454,2.1605674090691958,4.160032498917004
5.9731655468687,186.57424435,118.80021175,70.3586777,13.95143372,-28.4498621,36.51621281,-1.0681378064858384,87.94017888960397,2.2782785592850345,3.694886987583666
5.63660786065506,185.07547042,116.07092999,72.59976204,11.89575687,-32.15913933,38.95481148,-1.1157727594124642,85.82834969331773,2.3862706922909886,3.250337168364071
5.3171030700464,183.60075347,113.45955316,74.75649724,9.8758674,-35.73045021,41.30914518,-1.1613498831062563,87.86645443667797,2.484543808087058,2.832559261959342
5.01892396823459,182.15727056,110.97529966,76.80168313,7.88105687000001,-39.19173253,43.58225955,-1.2047082861354494,91.27158308066976,2.573097906673243,2.4458260615613474
4.7445246911238,180.74873549,108.62233227,78.72606047,5.91146308,-42.54409335,45.76926178,-1.2457753142830068,95.49716308075551,2.651932988049544,2.0925917030742562
4.49471891469793,179.37770951,106.40261698,80.52435498,3.96903718999999,-45.78410728,47.86160472,-1.2845166545503677,95.70998329375912,2.721049052215961,1.7736698624819685
4.26892222006105,178.05674286,104.33226982,82.19127584,2.04610943999998,-48.94224411,49.9211634,-1.3206510291516815,89.45179284679749,2.7804460991724937,1.4884761208885564
4.06542825514593,176.76265762,102.37831211,83.7214201,0.16678318000001,-51.93237724,51.76144225,-1.35475402463591,93.91116842683678,2.8301241289191417,1.2353041262267883
3.88169029758497,175.50467781,100.55472839,85.11386219,-1.68512641999999,-54.81637054,53.51684197,-1.3865815647356765,105.01367903767544,2.870083141455905,1.011607156129065
3.71458408857199,174.30709274,98.8920786,86.35929435,-3.51036958,-57.59432031,55.17563058,-1.4156002778787686,109.26427309660092,2.9003231367827844,0.8142609517892057
3.56063357045063,173.16417708,97.37887102,87.46775268,-5.29952782999999,-60.24488355,56.7111585,-1.442010732415904,106.78900002752512,2.92084411489978,0.6397894555508499
3.41618765622807,172.08640627,96.03188326,88.43758636,-7.03253841,-62.7108885,58.05008902,-1.4655201038119672,100.9932904164179,2.931646075806891,0.4845415804211788
3.27754267315024,171.04473133,94.81486955,89.2430902,-8.77782856000002,-65.16712385,59.38464932,-1.4867610000933789,96.30449479687051,2.9327290195041176,0.3448136536461224
3.14101107184578,170.05516444,93.75033685,89.9194248,-10.40438058,-67.27577361,60.31414545,-1.505340600703524,92.28152657898336,2.9240929459914593,0.2169181258543209
3.00294196091259,169.09771881,92.80265219,90.43949847,-12.08735004,-69.50006316,61.39621139,-1.5218808182911667,95.07558752658072,2.9057378552689173,0.09720410564367254
2.85970277289027,168.18169264,91.99752464,90.84344193,-13.64329087,-71.34937868,62.05698585,-1.5359329449371824,98.66215012764634,2.8776637473364906,-0.01796097444622058
2.70763380740247,167.32036281,91.33517782,91.09746472,-15.247388,-73.2949512,62.84378871,-1.5474930777362963,91.54895604138956,2.83987062219418,-0.1322368147917099
2.54298856885597,166.50135253,90.81000491,91.22509796,-16.75537414,-74.94667329,63.26308724,-1.556659074158076,86.16747763894983,2.792358479841985,-0.2493699109860148
2.3618728393959,165.70061318,90.39224033,91.24402086,-18.25678605,-76.55008773,63.71191415,-1.5639504415772874,86.62273979301638,2.735127320279905,-0.37325448088400526
2.16019446812397,164.94793219,90.11618846,91.11919661,-19.68894624,-77.93211432,63.85453572,-1.568768455615075,83.72576899673633,2.6681771435079416,-0.5079826753839716
1.93363409874843,164.2161517,89.94561458,90.89061056,-21.11647301,-79.27388761,64.03011593,-1.5717455314389766,84.60397504310491,2.5915079495260933,-0.6578738507776634
1.67764468985638,163.52451318,89.90208533,90.54387426,-22.47925639,-80.40545961,63.91690046,-1.5725052601724,81.91461465199224,2.5051197383343613,-0.8274750484779814
1.38748489522327,162.8684498,89.9837339,90.08792074,-23.82368718,-81.46111003,63.78640779,-1.5710802237963553,74.15355434740034,2.4090125099327446,-1.0215276147094747
1.05828834751865,162.22588926,90.15731837,89.52090511,-25.12737981,-82.37043763,63.45415544,-1.568050603264526,74.97801647012191,2.3031862643212433,-1.2448979168025933
0.685167792819969,161.61545748,90.44672179,88.85129635,-26.40569944,-83.18426377,63.05592331,-1.562999560718994,76.67066295863778,2.187641001499858,-1.502473208679889
0.263350007734849,161.02983614,90.8421438,88.0756564,-27.6492834,-83.87620929,62.53461667,-1.5560981447096398,74.59167213221818,2.0623767214685884,-1.7990267137337395
-0.211665339984252,160.47684601,91.34900022,87.20062797,-28.86636096,-84.47226887,61.92656386,-1.5472518313457688,73.28255127485139,1.9273934242274342,-2.1390587642116863
-0.743932097408451,159.94649055,91.95434803,86.22251536,-30.05000199,-84.95042185,61.18583295,-1.5366865189415315,75.05847440330449,1.7826911097763956,-2.5266232071848465
-1.33688041047579,159.45310419,92.67115674,85.14986018,-31.20835359,-85.34106137,60.37099602,-1.5241758468450586,74.78437393493964,1.6282697781154727,-2.965150188591263
-1.99314835419281,158.99526633,93.49660564,83.97810161,-32.33777723,-85.63721842,59.46939806,-1.5097690457330932,72.02107441540262,1.4641294292446656,-3.4572777834374753
-2.71443550111742,158.5681803,94.42179616,82.70841569,-33.43423925,-85.82402324,58.43609892,-1.4936214249508544,70.83368154670033,1.2902700631639743,-4.0047055642813945
-3.50139127010869,158.17773187,95.45151361,81.342015,-34.50181123,-85.92199194,57.32455354,-1.4756494650831145,69.76404604264185,1.1066916798733983,-4.608082949982088
-4.35354975907998,157.82157267,96.57828268,79.87928224,-35.53855913,-85.92808257,56.10967887,-1.45598363490198,68.52339270650542,0.9133942793729395,-5.26694403845292
-5.26931892355097,157.50516596,97.80614012,78.32188671,-36.54258896,-85.84020775,54.80325531,-1.4345534798288715,66.08097371527677,0.7103778616624894,-5.979696785213459
-6.24601924339502,157.22461755,99.12737932,76.66601257,-37.51235314,-85.65780515,53.38967779,-1.4114935055824551,63.68146538902941,0.0037276726861729947,-6.249746916081193
-7.27995062630513,156.9808391,100.53938272,74.9126746,-38.44620093,-85.37956083,51.86644858,-1.3868493972031009,61.73857359235591,-0.781172322039252,-6.498778304265878
-8.36646899762792,156.77744289,102.04134388,73.06426022,-39.34406788,-85.01132469,50.24248296,-1.3606352297240276,58.48308773310329,-1.6083951966629735,-6.7580738009649455
-9.50007180511504,156.61214302,103.62636129,71.12172116,-40.20479303,-84.55306196,48.51256669,-1.3329714572180946,54.122518732673264,-2.4500192839157577,-7.050052521199282
-10.6744946737175,156.48652936,105.29039185,69.09034635,-41.02873146,-84.01071596,46.68282677,-1.3039286450922896,49.86944107022051,-3.301409748528997,-7.373084925188504
-11.8828112095692,156.39652946,107.02343905,66.97171404,-41.81373451,-83.38182308,44.74774168,-1.273681265359821,44.36789099657279,-4.128842490808523,-7.753968718760676
-13.1175229108306,156.34019676,108.82517067,64.74532096,-42.54682186,-82.63572904,42.68761708,-1.2422351163535297,36.8759325373591,-4.9224894635273095,-8.19503344730329
-14.370626527663,156.32653621,110.6747261,62.50439762,-43.27136917,-81.89711649,40.6030368,-1.2099542844018902,29.693787473676903,-5.6873518360063375,-8.683274691656662
-15.6336479894007,156.34335318,112.57123302,60.18433427,-43.93006458,-81.01280783,38.35600798,-1.1768539943610334,21.75865326547344,-6.4059495302277565,-9.227698459172943
-16.8976351792089,156.38310153,114.49614602,57.81018588,-44.57143553,-80.11723732,36.09590609,-1.1432579246965917,12.56972688250757,-7.061015685337112,-9.83661949387179
-18.1531092301245,156.4518173,116.44196327,55.40916948,-45.17936249,-79.1747708,33.79218562,-1.10929700704199,3.1214079207875223,-7.670709842846038,-10.482399387278463
-19.3900137729407,156.53833727,118.38958517,52.9954736,-45.75345595,-78.18683126,31.43587833,-1.0753045923030424,-6.625404230922172,-8.226660915591776,-11.163352857348926
-20.5977589205291,156.64232409,120.33057787,50.58501155,-46.29527872,-77.1614422,29.04948681,-1.041427878930868,-16.904442320723234,-8.737299214255977,-11.860459706273122
-21.765413087606,156.74631918,122.24506355,48.17957966,-46.77793005,-76.02464825,26.53888115,-1.0080138003325854,-25.61197198940324,-9.193185593130492,-12.572227494475507
-22.8819716480643,156.87423831,124.12233715,45.84830084,-47.2775855,-75.00161045,24.1956631,-0.9752491950518182,-36.126458485961074,-9.608055339527596,-13.273916308536705
-23.9366065998182,156.99751071,125.95379614,43.56557961,-47.7398415,-73.93486287,21.85614714,-0.9432842055610686,-47.420503274231415,-9.993175026761541,-13.94343157305666
-24.9188653364014,157.12230485,127.70710707,41.37200938,-48.19652608,-72.91746156,19.55837502,-0.9126831570213644,-57.79659912374386,-10.313517489059132,-14.605347847342268
-25.8188208334679,157.24254624,129.39082926,39.27565341,-48.62692257,-71.90060495,17.32631402,-0.883296661116975,-68.18187540511893,-10.591378673721543,-15.227442159746357
-26.6271792943283,157.32442511,130.96072687,37.27354805,-49.00720338,-70.81062152,15.02896237,-0.8558967789032852,-73.09165065192751,-10.835955827607993,-15.791223466720307
-27.3353515567193,157.42526036,132.43720901,35.44251066,-49.40356179,-69.85336982,12.93509721,-0.8301273042133933,-79.88968888982262,-11.038456092061855,-16.296895464657446
-27.9354950560043,157.50924415,133.79556236,33.75196215,-49.82791507,-69.05138884,11.07854125,-0.8064195658503986,-92.90308195884612,-11.209035074346456,-16.726459981657843
-28.4205368396194,157.57555814,135.02585456,32.19639077,-50.24027438,-68.29380187,9.2847932,-0.7849469161987939,-103.34955471978154,-11.347316682475522,-17.073220157143876
-28.7841913950292,157.58414643,136.0981024,30.7737253,-50.59887883,-67.47226024,7.45488001,-0.7662326609933967,-104.77689719937118,-11.436453116702701,-17.3477382783265
-29.0209869565483,157.59201247,137.02235078,29.54743861,-51.01933018,-66.91389986,5.93625053,-0.7501014836561726,-108.4897012105568,-11.486472148750863,-17.534514807797436
-29.1263116473605,157.57490422,137.80031504,28.45755487,-51.43487249,-66.43094453,4.52708387,-0.7365234458563319,-110.11876011843393,-11.506578007527393,-17.619733639833107
-29.0964828015572,157.50783047,138.3972468,27.50499886,-51.82937347,-65.975349,3.13205463,-0.726105021234607,-107.10031789686435,-11.478683835469925,-17.61779896608728
-28.9288347300778,157.45068834,138.87159366,26.69369436,-52.26672942,-65.73871299,2.00303782,-0.7178261067311105,-117.4584071844864,-11.415791658277895,-17.513043071799906
-28.6218337254096,157.32641459,139.1585032,25.99105428,-52.67939403,-65.5188881,0.876226120000002,-0.7128185906027278,-120.98969695346516,-11.318215285921262,-17.30361843948834
-28.1752437391327,157.16753107,139.26988518,25.43847566,-53.09463244,-65.40528653,-0.14015517,-0.7108746083243377,-108.06268546510124,-11.20472606902725,-16.97051767010545
-27.5903418159976,156.99221745,139.2265397,24.98949083,-53.52031214,-65.41422811,-1.05334531,-0.7116311296661951,-98.15371826323415,-11.07680905104803,-16.51353276494957
-26.8701474705451,156.78038194,139.04902312,24.57754578,-53.94886927,-65.516739,-1.89745632,-0.714729378464075,-90.64986713050892,-10.912937294173672,-15.957210176371428
-26.0196237097001,156.55606542,138.73219682,24.25271036,-54.37102955,-65.69737801,-2.695288,-0.7202590405559859,-90.6858331304139,-10.726470212151645,-15.293153497548454
-25.0458179350205,156.33909607,138.30877558,23.99651145,-54.7748243,-65.9226254,-3.44372653,-0.7276491353168633,-78.39203582132193,-10.524111481349786,-14.521706453670715
-23.9579233681177,156.06810964,137.71826239,23.76644392,-55.19375333,-66.27043276,-4.16953982,-0.737955534758818,-60.80078549597911,-10.301452119514204,-13.656471248603497
-22.7672540907447,155.86050802,137.11937476,23.53947751,-55.54864308,-66.53998285,-4.9613182,-0.7484080957517837,-77.77831522446598,-10.064119222005438,-12.703134868739262
-21.4871381497018,155.6015385,136.35596512,23.3372116,-55.91351818,-66.91004229,-5.75163148,-0.7617321075112481,-81.0604330627851,-9.80006369934571,-11.68707445035609
-20.1327422024137,155.33484672,135.48433702,23.17496128,-56.27525357,-67.34927934,-6.46523978,-0.7769448877091507,-62.91896943607989,-9.518001717209911,-10.614740485203788
-18.7208382415768,155.07226421,134.52922578,23.04294751,-56.61514628,-67.80148838,-7.17962096,-0.7936147235699567,7188.728321707451,-9.215165942751131,-9.505672298825669
-17.2695034067623,154.8116413,133.48880014,22.96044009,-56.94287766,-68.28508569,-7.85123528,-0.8117735766101257,6978.042683034117,-8.896757950745023,-8.372745456017277
4.53532166932319,211.48800459,173.89086573,38.4863137,44.91243309,35.5754591,9.29393722,-0.1066245074579202,-7737.892482966752,-8.561680575849481,13.097002245172671
5.28304648984086,210.68229573,171.47450276,38.57664381,43.7655706,33.15051387,8.44830483,-0.148797997207689,-7544.256218755236,-8.206920703133674,13.489967192974534
6.03780072243761,209.77872208,168.91764752,38.85072682,42.5073306,30.50162734,7.85724391,-0.1934235396425589,-88.9185999963038,-7.831238488963985,13.869039211401596
6.78483329889808,208.78322895,166.23480129,39.3162058,41.14713684,27.65426892,7.52655302,-0.240248039680776,-78.44202554175475,-7.432879672926229,14.217712971824309
7.5089857330049,207.7010704,163.43496326,39.99463058,39.69269215,24.62363516,7.48588162000001,-0.289114431826828,-66.733527887979,-7.011692796995211,14.520678530000112
8.1953480529188,206.53994931,160.54566012,40.84928248,38.16309855,21.47106698,7.6565629,-0.3395422847080384,-54.14119550100267,-6.573611741003053,14.768959793921852
8.82987363997712,205.30541668,157.56992405,41.93869438,36.5396833,18.1262422,8.19732501,-0.391478676799895,-35.42312395866123,-6.119614382463183,14.949488022440303
9.39993538340494,204.00805669,154.54631275,43.14822788,34.86465313,14.72239263,8.88157478,-0.444250649285401,-15.955519023722609,-5.643469473987656,15.043404857392597
9.89478849359953,202.67042424,151.50192529,44.55896479,33.12404779,11.20601206,9.86921834,-0.4973852341688282,-0.1284893942015585,-5.151899811207287,15.046688304806818
10.305912291037,201.2943022,148.45554699,46.0715341,31.34472892,7.65449158000001,11.00591928,-0.550554565765136,17.42213839279856,-4.6469128828596995,14.952825173896699
10.6272158685423,199.89555917,145.43319034,47.70292828,29.53946488,4.09751214000002,12.28282335,-0.6033046404771815,34.664884863748746,-4.120087873214511,14.747303741756813
10.8551050696903,198.48744466,142.46460273,49.39121247,27.70026119,0.515038149999981,13.71682875,-0.655116268405591,46.81670312885142,-3.579326206681477,14.434431276371777
10.9884195106943,197.07714385,139.56307055,51.11398878,25.84569551,-3.04907363999999,15.24806845,-0.7057575582991599,57.69548521886048,-3.030932682238403,14.019352192932702
11.0282574753523,195.66826007,136.74189842,52.85512465,23.98109395,-6.58053810999999,16.85066634,-0.7549963007331609,68.87132583820996,-2.4662617669702014,13.4945192423225
10.9777128698711,194.27564471,134.02352154,54.57708586,22.1145148,-10.05584187,18.46717976,-0.8024409275992522,75.85818077591178,-1.8890098112411149,12.866722681112215
10.8415540974881,192.89938185,131.41379774,56.27391164,20.25184971,-13.47788784,20.1596202,-0.8479892004769098,81.00833323927752,-1.3130222627537802,12.15457636024188
10.6258787825735,191.54537757,128.91860789,57.91776436,18.39984706,-16.81604954,21.8255839,-0.8915384788217534,89.39402419388287,-0.728860592024207,11.354739374597706
10.3377709095311,190.22016456,126.54984062,59.48916831,16.56049173,-20.0681891,23.45193158,-0.932881266896731,92.58470423268994,-0.15567843912057716,10.493449348651676
9.9849720454525,188.9352123,124.32588427,60.97353684,14.72591243,-23.26948066,25.12409548,-0.9716966276248664,88.28417455852725,0.40075263995026744,9.584219405502232
9.57557425781609,187.67008031,122.21635478,62.40514332,12.9269812,-26.33186487,26.73107068,-1.0085148628932832,91.9961477929876,0.9422607192142256,8.633313538601865
9.11774657904956,186.43866302,120.23899171,63.77235126,11.16891494,-29.24415438,28.2571619,-1.0430263589721265,99.16653282817984,1.4631356002081766,7.654610978841384
8.61950597896083,185.25324537,118.40996804,65.04160559,9.42630144,-32.0772872,29.7689068,-1.0749488441105366,96.83690224920215,1.971076554030236,6.648429424930595
8.08853859327185,184.10875223,116.72028153,66.22244904,7.70787396999998,-34.80895813,31.24045288,-1.1044394370365689,92.26271542030372,2.469468100850683,5.619070492421166
7.5320719710638,182.99720214,115.15841588,67.33541821,6.02856395000001,-37.40175631,32.65038979,-1.1316991351028698,91.313106208899,2.934418653917224,4.597653317146577
6.9567951010692,181.92441731,113.73019777,68.36879854,4.3798017,-39.87847673,34.010716,-1.1566262435589805,92.68410422424544,3.3626776635112545,3.594117437557945
6.36882007930409,180.88740875,112.43004928,69.32038482,2.76261746999998,-42.23853697,35.31524303,-1.179318115474313,94.6333909073016,3.758213762219473,2.610606317084617
5.77367748524505,179.89830222,111.27115481,70.19903981,1.16476369,-44.51431396,36.61926104,-1.1995446396589675,93.04097169640536,4.112367521000157,1.661309964244893
5.17633674998006,178.95148282,110.24389207,70.99285323,-0.392581159999992,-46.65061908,37.81999012,-1.2174737567550262,88.34484220332949,4.40548523705301,0.7708515129270506
4.58124287840822,178.04361943,109.34519735,71.70007148,-1.91680564999999,-48.6644792,38.94254897,-1.2331589385893145,84.32495623690083,4.669812258839094,-0.08856938043087315
3.99236164292178,177.1678064,108.56391352,72.32377449,-3.41046152000001,-50.56136756,39.99410206,-1.2467949138154064,79.17053469818525,4.8987979085886595,-0.9064362656668794
3.41322659548079,176.33069212,107.9023863,72.86767005,-4.87718866,-52.35004516,40.96059337,-1.2583407418959711,78.68438894300445,5.089447334850978,-1.676220739370188
2.84698274814771,175.50490169,107.33754872,73.32194234,-6.27552426,-53.91583672,41.72071508,-1.268199017405968,83.85133147377654,5.2358866258061925,-2.3889038776584823
2.29642336894869,174.73968977,106.91040359,73.66496976,-7.71869858999997,-55.57948498,42.62421742,-1.275654106308327,76.83148806789441,5.320925498949057,-3.024502130000367
1.76401788587795,174.00378033,106.59161666,73.92972696,-9.09410414999999,-57.0175948,43.28581421,-1.281217987849152,63.19448187581455,5.332690016607223,-3.5686721307292726
1.25193028112731,173.27747999,106.35863288,74.06820158,-10.43289595,-58.31927375,43.76695204,-1.285284321913894,65.15443077526494,5.299470169884839,-4.0475398887575285
0.762028508388938,172.56935283,106.20776231,74.1484402,-11.79101003,-59.64060509,44.35130148,-1.2879175101047546,68.45250441359862,5.2280194838202005,-4.4659909754312626
0.295886305466062,171.90221577,106.18016956,74.08865594,-13.08275032,-60.74404258,44.62287064,-1.2883990944419343,62.52616737995709,5.107661968686625,-4.811775663220564
-0.145220752787727,171.24038367,106.21611192,73.95884252,-14.38475819,-61.84306924,44.9399279,-1.287771781918997,59.10656297514638,4.94858966878216,-5.093810421569887
-0.560323025389556,170.61189243,106.35995479,73.69714393,-15.63492325,-62.76333113,44.98543801,-1.285261250231979,55.14096023911063,4.752062133058911,-5.312385158448467
-0.948766726946709,169.98793029,106.56311719,73.36171996,-16.89372613,-63.67526754,45.04931871,-1.2817153974357254,55.50696974589098,4.508058940673491,-5.4568256676202
-1.31022488698839,169.38786114,106.85567445,72.90848872,-18.1157005,-64.45438515,44.92465149,-1.2766093099981124,54.53426808316397,4.22743002652523,-5.53765491351362
-1.64470901794653,168.80473759,107.22815397,72.34127231,-19.31079362,-65.12983558,44.6532197,-1.2701083159778643,49.21897082063919,3.9385467785621477,-5.583255796508678
-1.95258208121343,168.23099978,107.66385245,71.68423881,-20.49028869,-65.73297469,44.27781992,-1.2625039429559295,47.85309709197216,3.629567966678297,-5.582150047891727
-2.23457328798727,167.67751473,108.17519468,70.93611502,-21.65367752,-66.26691039,43.81696458,-1.2535793374379394,47.79431614809537,3.283358761877228,-5.517932049864498
-2.49179228235049,167.12746183,108.7462085,70.09448584,-22.78434055,-66.68849967,43.23656708,-1.2436132662045494,47.60236832762832,2.938700110905596,-5.4304923932560865
-2.72573727340579,166.61384984,109.39607665,69.16088833,-23.9244587,-67.11132243,42.58344741,-1.2322709272832049,45.35647166484136,2.568411313300481,-5.294148586706271
-2.93829496353573,166.09885636,110.10130603,68.13008345,-25.02318555,-67.40504852,41.81091772,-1.2199623526204064,41.25590436308002,2.157117179489393,-5.095412143025123
-3.13173616743847,165.61320779,110.87683206,67.01869075,-26.11715729,-67.66754094,40.95765293,-1.2064268699619862,39.33557269231835,1.7414044970703517,-4.8731406645088216
-3.30871160219395,165.12944139,111.69278248,65.82826391,-27.19114143,-67.86296465,40.01612032,-1.1921858485999557,41.69739586934895,1.3056918948600842,-4.614403497054035
-3.47224911411036,164.67607127,112.5829637,64.55271014,-28.24603692,-67.99551755,38.98241823,-1.1766492553715358,39.245539882859504,0.8497096703183092,-4.321958784428669
-3.62575138559781,164.24185436,113.52316741,63.21651353,-29.2875974,-68.08303092,37.8704879,-1.1602396049925696,33.96639013447222,0.3731881209047471,-3.998939506502557
-3.7729917604021,163.82030474,114.51395572,61.79928039,-30.30302464,-68.0921132,36.66797043,-1.142947086792799,30.60961758272862,-0.13256038493933908,-3.640431375462761
-3.9181043476271,163.41631507,115.54816542,60.32243912,-31.30338492,-68.06155142,35.40084361,-1.1248967223717363,27.7158616829265,-0.631218575066938,-3.286885772560162
-4.06556317328023,163.02447413,116.62032793,58.78256863,-32.2819414,-67.9712445,34.05594958,-1.10618395645579,24.646536132344465,-1.151928398129856,-2.913634775150374
-4.22014401552946,162.64984798,117.73196362,57.18836812,-33.2390145,-67.82539352,32.63578244,-1.0867822535826108,20.74223983161927,-1.67736509631061,-2.5427789192188497
-4.38686186220008,162.28493633,118.86791439,55.55563174,-34.17849721,-67.63585847,31.15981041,-1.0669561725055463,19.074377018479804,-2.1875321680549304,-2.1993296941451494
-4.57087683003331,161.93657063,120.0346061,53.88584203,-35.09664567,-67.39626508,29.62339371,-1.0465935608103232,16.57401135075176,-2.6914162941826563,-1.8794605358506535
-4.77736202014236,161.60222185,121.22478898,52.18819892,-35.99509583,-67.11274025,28.03750479,-1.0258209508534546,11.155690793137564,-3.168428987013552,-1.608933033128808
-5.01134275341948,161.28077971,122.43221067,50.47527042,-36.8743989,-66.78882357,26.41094514,-1.0047474669029604,8.219954488838344,-3.600629596796604,-1.4107131566228754
-5.27755282823416,160.96072737,123.64558097,48.741276,-37.71834809,-66.37790771,24.683439,-0.9835701601220492,6.038820013282198,-4.016027195420933,-1.2615256328132274
-5.58035210126296,160.67054965,124.87691211,47.03771885,-38.56859312,-66.00796687,23.03207775,-0.9620793775467136,-0.224451087138533,-4.4066188260328225,-1.1737332752301377
-5.92369074902352,160.37907018,126.10097285,45.34091376,-39.39974036,-65.60100947,21.35528474,-0.9407154873893154,-4.904081982796171,-4.794811491879855,-1.128879257143665
-6.31107323124184,160.08865821,127.32032754,43.64537321,-40.19443682,-65.10790297,19.5886748,-0.9194337332991808,-7.281740532119052,-5.171038504466115,-1.140034726775725
-6.74549765750744,159.81630799,128.52826641,42.02068488,-41.00233632,-64.68192723,17.94627206,-0.8983512228548614,-13.258791597835453,-5.523724089080386,-1.2217735684270536
-7.22936964995552,159.54634122,129.72202167,40.41497672,-41.79342493,-64.22898202,16.29740029,-0.87751626310486,-19.63908702460765,-5.849231398275491,-1.3801382516800285
-7.76439679550565,159.26526192,130.87959269,38.86209113,-42.5433839,-63.68821235,14.56002539,-0.8573128374801908,-21.85954900420284,-6.088896337028842,-1.675500458476808
-8.35147240620921,158.99230572,132.01119212,37.37313829,-43.32022293,-63.25089064,12.99893734,-0.8375627016129998,-28.5626413307849,-6.317993913638572,-2.0334784925706373
-8.99055674301383,158.71618014,133.10567298,35.93936595,-44.08618676,-62.8131841,11.46065347,-0.8184604070059406,-40.33237735202588,-6.533744075368088,-2.4568126676457416
-9.68056178079797,158.42565104,134.13671069,34.5739969,-44.81524627,-62.30743731,9.86090517,-0.8004654042542182,-30.533666089673783,-6.7409638639427945,-2.939597916855175
-10.4192463226961,158.09295037,135.10066577,33.21010483,-45.5724284,-61.90294445,8.39684539,-0.7836412142668929,-17.630230508852705,-6.9527609544991416,-3.4664853681969587
-11.2031302655802,157.84720642,136.08728424,32.01023807,-46.30146607,-61.4723028,6.95174893,-0.7664214735044039,-28.290759175899627,-7.17289854975147,-4.030231715828729
-12.027436808517,157.55663806,136.99464478,30.81315621,-47.02880767,-61.06684389,5.53792388,-0.7505850445787305,-46.69960026268516,-7.4132430652443615,-4.614193743272639
-12.8860532259503,157.28215728,137.87576368,29.65962243,-47.77101531,-60.7400922,4.22934251,-0.7352066186721796,-46.233731742755246,-7.6688900047854505,-5.21716322116485
-13.7714592233299,156.95451492,138.62105479,28.61274086,-48.48709163,-60.39066441,2.91017748,-0.7221988349168367,-38.04288061919348,-7.936051330141252,-5.835407893188648
-14.6745831061939,156.68702975,139.39934335,27.57845095,-49.22202199,-60.13441797,1.70503297,-0.7086151370142308,-50.28186935378432,-8.195046069180629,-6.479537037013271
-15.5846444005631,156.35873758,140.02949515,26.64344129,-49.92213176,-59.83737564,0.457556950000001,-0.6976169133168622,-41.23565679843399,-8.453045048726217,-7.131599351836883
-16.4890978284253,156.06760147,140.63482913,25.77634875,-50.66549239,-59.71155855,-0.566541350000001,-0.6870518422916605,-48.525075033936105,-8.718230992358247,-7.770866836067054
-17.3737411312564,155.79143935,141.2016726,24.94635602,-51.38334991,-59.57271408,-1.61985005,-0.677158557396731,-70.12570444359656,-8.988614062910315,-8.385127068346083
-18.222984486502,155.45013483,141.59228671,24.24506621,-52.09050294,-59.4660099,-2.61300035,-0.6703410550724838,-35.834920433031044,-9.266380434093746,-8.956604052408254
-19.0202572604323,155.16155446,141.97205936,23.60681133,-52.82430357,-59.49849286,-3.4461337,-0.6637127719209596,-42.3603556950658,-9.548196221601463,-9.472061038830835
-19.7485229707146,154.91275144,142.34442532,22.99145579,-53.54297453,-59.55423281,-4.24112239,-0.6572137598966101,-69.28243290753477,-9.807247009188183,-9.941275961526417
-20.3908699040279,154.58685192,142.49973916,22.54958285,-54.24669677,-59.64448737,-4.96421804,-0.6545030220146947,-55.1625848685422,-10.04648050115842,-10.344389402869478
-20.9311429031207,154.34692726,142.69960483,22.12040866,-54.97149305,-59.86655892,-5.54423868,-0.65101470801149,-58.32819499797526,-10.277937728203161,-10.65320517491754
-21.3545814087498,154.04718887,142.71136063,21.85130242,-55.67299178,-60.10404349,-6.06990203,-0.650809530595284,-45.031618767154,-10.493975855247083,-10.860605553502719
-21.648429871676,153.805178,142.7205884,21.62759877,-56.37003214,-60.41190708,-6.49431613,-0.6506484756261673,-40.61553607920598,-10.695804181617563,-10.952625690058438
-21.8024890527606,153.5571143,142.66496993,21.43265389,-57.08357424,-60.83165062,-6.75799204,-0.6516192010525887,-48.58758400109964,-10.874057396223774,-10.928431656536825
-21.8095803675498,153.35850244,142.50886209,21.4687332,-57.74276467,-61.22096957,-7.01836745,-0.6543437968487653,-39.0425441282205,-11.022429941869536,-10.787150425680263
-21.6659001113233,153.18191151,142.34019288,21.49176004,-58.39637033,-61.66377304,-7.18849082,-0.6572876299100034,-44.44080910738557,-11.13798966634545,-10.52791044497785
-21.3712459000266,153.00403836,142.07343848,21.63175208,-59.05542042,-62.20951198,-7.19680337,-0.6619433724841853,-39.85434912319064,-11.227183011709347,-10.144062888317254
-20.9291037728024,152.85377855,141.76078875,21.84255594,-59.69885599,-62.79942711,-7.10697582,-0.6674001396781567,-30.19273172825909,-11.287977806832725,-9.641125965969675
-20.3465909252965,152.7349635,141.40966627,22.12563838,-60.32524911,-63.43060352,-6.92185902,-0.6735283830319244,-25.203175736011605,-11.316622405592028,-9.029968519704472
-19.6342557595531,152.636334,141.00839301,22.47233212,-60.93674056,-64.10525171,-6.64850432,-0.6805319226191359,-20.68371719647022,-11.314884677130236,-8.319371082422863
-18.8057435934396,152.58912045,140.6014905,22.86879914,-61.54495553,-64.86225338,-6.23050394,-0.6876337111532647,-27.98496178299081,-11.293459188296858,-7.5122844051427435
-17.8773427055829,152.54360837,140.1374883,23.31135626,-62.11558383,-65.58961181,-5.80578123,-0.695732077279762,-35.135100998854305,-11.244960219951567,-6.632382485631334
-16.8674311369349,152.51605955,139.63297271,23.78989357,-62.66280908,-66.33033327,-5.33716965,-0.704537535452904,-20.386203136183443,-11.16067773065892,-5.706753406275981
-15.7958495588503,152.48082068,139.06527429,24.30250053,-63.19114915,-67.09015531,-4.80300028,-0.7144457420402737,0.2159111911081979,-11.047942597072792,-4.747906961777508
-14.6832292785211,152.5203251,138.54765058,24.79727293,-63.71480453,-67.92438998,-4.14920471,-0.7234799800661617,-13.12601043901518,-10.900560957336939,-3.782668321184161
-13.5503068323757,152.54873263,137.99429736,25.23649858,-64.18241403,-68.65262607,-3.63195693,-0.7331378156816745,-22.407479414897622,-10.718805811294843,-2.8315010210808573
-12.4172574096134,152.56861514,137.38712195,25.68189948,-64.63395432,-69.40307441,-3.04899222,-0.7437350257233208,-5.935395292460122,-10.515018439640947,-1.9022389699724531
-11.3030784137725,152.61536922,136.79493503,26.03815282,-65.06453369,-70.15637202,-2.48635453,-0.754070637264565,-3.313053799309796,-10.285931960752691,-1.0171464530198087
-10.2250517649994,152.66701208,136.19258601,26.30951913,-65.46605227,-70.88342367,-1.96487736,-0.764583610909726,-4.33068372765022,-10.027790882861781,-0.19726088213761805
-9.19830915086238,152.71763884,135.5765903,26.47577916,-65.84095493,-71.58508221,-1.50111146,-0.7753347642273866,-9.427902100128671,-9.759642177257989,0.5613330263956087
-8.23551858829449,152.78205559,134.97323708,26.50550532,-66.18591955,-72.25346074,-1.11460534,-0.7858652644688963,-25.728380214514733,-9.46634239619333,1.2308238078988403
-7.34670375925577,152.80568317,134.30422767,26.43498457,-66.51353124,-72.91110083,-0.779762460000001,-0.797541681400221,-24.835567507638377,-9.159415965116798,1.812712205861028
-6.53920013761201,152.80136684,133.60647539,26.18914509,-66.79538613,-73.46973194,-0.625991809999999,-0.809719756049518,-22.21719838386149,-8.839810676533872,2.3006105389218625
-5.81774449242282,152.79656161,132.88956772,25.83839411,-67.07331238,-74.06211012,-0.467207519999999,-0.8222321553238192,-32.15408387243323,-8.507406746279894,2.6896622538570742
-5.18467565904407,152.74303244,132.11241853,25.34825794,-67.30944182,-74.56333882,-0.452061650000001,-0.8357959674685258,-34.01603602504966,-8.14844223177207,2.963766572727999
-4.64019128221431,152.66673041,131.29067844,24.77677861,-67.52260489,-75.03430159,-0.471986270000006,-0.8501380376346608,-37.34127047719804,-7.781802592258865,3.1416113100445546
-4.18260393471633,152.56694591,130.42346414,24.15548497,-67.70712886,-75.4548962,-0.510975849999998,-0.8652737824900386,-46.33744967888376,-7.425542726482634,3.2429387917663037
-3.80858492325457,152.42808776,129.47783944,23.55673021,-67.86482259,-75.83928491,-0.507158239999999,-0.8817780469932222,-49.45733741789859,-7.049189506593093,3.240604583338523
-3.51340930552377,152.26234678,128.46901572,23.0259684,-67.99050813,-76.17376637,-0.417257529999997,-0.8993853424794398,-47.81295800983632,-6.659336418252436,3.145927112728666
-3.29120244950183,152.06842376,127.38163077,22.63163817,-68.0815821,-76.45337051,-0.200638349999998,-0.9183637900935734,-33.667115036972724,-6.278787921127988,2.9875854716261574
-3.13517826585891,151.86436395,126.24061923,22.40648273,-68.13395537,-76.66815914,0.179161489999998,-0.9382781982698246,-28.56602377887536,-5.895764355390255,2.760586089531345
-3.03786178625183,151.6856764,125.09252374,22.37691708,-68.12339966,-76.76291167,0.711809310000003,-0.958316244697622,10370.371403435242,-5.512081108499238,2.4742193222474085
-2.99129340002552,151.4689564,123.84855148,22.61342508,-68.06243965,-76.76626773,1.45453159,-0.980027656438097,10255.97681877821,-5.143152573138915,2.1518591731133947
0.415433642894355,217.23869725,182.22126805,30.03612607,53.0473405,47.33597385,4.16527119,0.0387684410418538,-10691.644848991504,-4.785089235023378,5.200522877917733
0.591743433799518,216.60761536,180.21890238,29.68561238,52.27286968,45.86690449,2.35724354,0.0038205672714518,-10602.574838191942,-4.425426689770478,5.017170123569996
0.880644322140632,215.89483576,178.09139977,29.50279982,51.3556397,44.09548939,0.825712589999995,-0.0333113581178208,-86.20380143135273,-4.080153913748106,4.9607982358887375
1.28576077118611,215.09119257,175.84097426,29.4852033,50.30290196,42.06278186,-0.466116299999996,-0.0725886928381937,-83.65394869801017,-3.7274065133002354,5.013167284486346
1.80377746157931,214.20724262,173.46762009,29.70704429,49.11945989,39.75267401,-1.39032103,-0.1140115374206309,-77.56648112249049,-3.3763890308160613,5.180166492395371
2.42456885454845,213.2400506,170.98374432,30.15746532,47.81264494,37.20144546,-1.98246469,-0.1573633478176402,-66.70223587982456,-3.0291758511753253,5.453744705723775
3.1317387260482,212.19659929,168.39941721,30.87065693,46.38757977,34.4111198,-2.17583816,-0.20246836483569,-53.8314100307451,-2.683736897197952,5.815475623246153
3.9035384377405,211.08186944,165.74433872,31.75472668,44.88382697,31.51366434,-2.18116028,-0.2488082263850692,-39.52118147695334,-2.3539084649329065,6.257446902673406
4.71412961166966,209.90929364,163.02278307,32.92700157,43.28550219,28.4263489,-1.75585921,-0.2963083332538236,-26.94212580959281,-2.050064165053353,6.764193776723013
5.53511157598289,208.69871605,160.27849343,34.30245683,41.63129566,25.2751613,-1.12467991,-0.3442052231001936,-20.276860003879094,-1.7532190024354573,7.288330578418348
6.3371937803944,207.4317594,157.49178192,35.88106039,39.91623585,22.02063537,-0.173110809999997,-0.3928425142529165,-10.170440213087062,-1.4637128669748491,7.800906647369249
7.09188076899385,206.12856745,154.69647029,37.63954829,38.15872652,18.70839301,1.03712522,-0.4416299058157058,4.700658622480169,-1.1781212979281104,8.27000206692196
7.77304204274621,204.79323183,151.90250844,39.54720859,36.37469352,15.3685662,2.47343497999999,-0.4903937392733181,20.421577469473817,-0.8976010590564891,8.6706431018027
8.35825542303876,203.44315195,149.14137994,41.55028569,34.56602706,12.01504388,4.06738851,-0.5385845226689701,33.1921079730801,-0.599886915717992,8.958142338756751
8.82983812842638,202.08711838,146.43024198,43.62456345,32.74780409,8.67542366000001,5.79565818,-0.5859028065467723,45.943757504838345,-0.32560335059370005,9.15544147902008
9.17551153744387,200.72715404,143.77646636,45.73573757,30.92356458,5.35447331999995,7.63463203,-0.6322199287249263,52.84453629448862,-0.07053368001589747,9.246045217459766
9.38867986764722,199.39063273,141.22121386,47.85138949,29.10595018,2.09113980999996,9.51605325000001,-0.6768174980697427,52.52889873525337,0.17921667793712204,9.209463189710098
9.46833608345248,198.0396422,138.71432967,49.94181134,27.2869549,-1.16506874999999,11.50090181,-0.7205708811514336,66.26780597570824,0.4332730109331983,9.03506307251928
9.41863725098938,196.71292966,136.31315416,51.99049982,25.48464296,-4.34275992000002,13.48063746,-0.7624792997191877,75.32717482296229,0.693655808790351,8.724981442199029
9.2482149260841,195.4180911,134.03187954,53.96675758,23.68168972,-7.48595619999998,15.50333608,-0.8022950529803702,75.45311429112624,0.9561946206411625,8.292020305442936
8.96930085227312,194.13584756,131.83668738,55.87754538,21.92053268,-10.50481918,17.42687782,-0.8406083838863365,81.19409561288755,1.2230841532214138,7.746216699051706
8.59674909955903,192.89722713,129.78174391,57.69414683,20.15446741,-13.49419759,19.39275459,-0.8764739133801941,80.13628296918434,1.4929807124651688,7.1037683870938615
8.14702783095594,191.67535646,127.8254285,59.41979477,18.41528597,-16.38997712,21.29249935,-0.9106180584921966,80.69728764130257,1.7722888384815931,6.374738992474347
7.63724718551023,190.487056,125.99075536,61.05265121,16.69325758,-19.20553373,23.15401216,-0.9426391454830996,82.83738419015857,2.0503291635858694,5.58691802192436
7.08428169516425,189.3306064,124.27653102,62.58886759,14.98948121,-21.93821712,24.97106639,-0.9725580043339264,80.33989657037831,2.32480491020431,4.75947678495994
6.50403118173316,188.20002376,122.67439006,64.0287738,13.30376093,-24.58764686,26.73840313,-1.0005206391669892,80.40460465239319,2.6123809941092606,3.8916501876239
5.91084673907119,187.0982112,121.18794724,65.37129211,11.63644454,-27.15178846,28.4542485,-1.0264639605186183,80.30153248808291,2.8852899896803477,3.0255567493908426
5.31713201369164,186.0269285,119.81870921,66.61670981,9.98873068,-29.6262634,30.11209605,-1.0503616723856397,80.6146410652353,3.157751340229447,2.1593806734621928
4.7331157735338,184.98398626,118.55945735,67.76341655,8.34988146000001,-32.04808063,31.75562128,-1.072339763454502,92.10002106342152,3.4101043149986707,1.3230114585351296
4.1667804475795,183.97492942,117.42491623,68.80367095,6.74073204999999,-34.34228942,33.28161322,-1.0921412414977665,78.47065068681935,3.643749773391777,0.5230306741877229
3.62392324603753,183.0367387,116.45866171,69.73500783,5.18639551000001,-36.44091403,34.59968761,-1.1090055642840435,54.81851764112866,3.851077180933378,-0.22715393489584823
3.10832159756352,182.03458902,115.48072696,70.56245574,3.58819367999999,-38.63168728,36.05349352,-1.126073745541211,73.92293701201646,4.030739869809276,-0.9224182722457557
2.62197267634015,181.10378735,114.67195304,71.27856904,2.05423544999999,-40.60369501,37.27615579,-1.1401895133494722,80.43806610480874,4.199830620776111,-1.5778579444359608
2.1653772836849,180.19179184,113.96008492,71.87841022,0.53936564,-42.48236056,38.39044853,-1.1526139558834545,67.39561853972286,4.360007997216876,-2.194630713531976
1.73784075553819,179.30063938,113.34612054,72.36596677,-0.948161900000002,-44.24726165,39.38039813,-1.16332965580442,65.27834566149693,4.488364232000543,-2.750523476462353
1.33776732687805,178.42716858,112.82559133,72.73429176,-2.41186658999999,-45.90843785,40.24422521,-1.1724146043717252,62.265207495530994,4.577699480158663,-3.239932153280613
0.962928968819332,177.570041,112.39430541,72.98666423,-3.85069934000001,-47.4633923,40.97612639,-1.179941963693218,56.92284541229719,4.646671059287559,-3.683742090468227
0.610694667284531,176.727278,112.0478511,73.12201204,-5.26435805999998,-48.91292649,41.57414401,-1.185988732110443,55.33070021808584,4.67346947992066,-4.062774812636129
0.278211063129544,175.88571799,111.76863416,73.14970603,-6.62596714,-50.17837171,41.93366747,-1.1908619870407864,62.962082559259166,4.64510852907012,-4.366897465940576
-0.0374699637324492,175.07315838,111.58713243,73.04383465,-8.01756114,-51.50336482,42.36163605,-1.1940297898273522,56.35793818395518,4.588182017447516,-4.625651981179965
-0.339317018780096,174.29040294,111.50370907,72.82277466,-9.35292916,-52.63572596,42.51716016,-1.1954858021324288,46.566000544436825,4.504282529493814,-4.84359954827391
-0.630294953964758,173.48780236,111.44932096,72.52072168,-10.67789108,-53.71024255,42.61297546,-1.196435053725866,53.162050082673495,4.379204969498789,-5.009499923463547
-0.913384597650228,172.72636586,111.50558751,72.08808853,-11.96810515,-54.65996093,42.52526116,-1.1954530171696276,44.73548700763885,4.2111218567803865,-5.124506454430614
-1.19163836196374,171.96812425,111.6161056,71.55721635,-13.24291586,-55.53990183,42.32895321,-1.1935241126161122,41.14641287778608,4.010637492656195,-5.202275854619935
-1.46826171540028,171.19955921,111.76378141,70.93431457,-14.48100472,-56.29397484,41.96297561,-1.1909466835060625,56.41933886703976,3.7415868042243834,-5.209848519624663
-1.74670748629212,170.47871246,112.01864182,70.20061609,-15.70794621,-56.99544399,41.50720575,-1.18649853021858,50.95186111105265,3.4295146867976296,-5.17622217308975
-2.03076777715327,169.78594049,112.34523431,69.38718106,-16.93893678,-57.68455463,41.0038006,-1.1807984159557934,36.76384574747393,3.0952829443463283,-5.126050721499599
-2.32465071981481,169.08907736,112.7131107,68.48248421,-18.13399271,-58.26049753,40.37538468,-1.1743777617099425,39.733755598527765,2.7670461546825873,-5.091696874497398
-2.63303406513378,168.40816655,113.13732853,67.50307888,-19.30444663,-58.74996019,39.60924378,-1.166973763830777,42.19496654981114,2.4304368423199114,-5.063470907453691
-2.96108964937254,167.75705109,113.63523723,66.44278417,-20.45716796,-59.17785114,38.76526046,-1.1582836176414522,35.89740322025525,2.075603495403883,-5.036693144776423
-3.31447302766503,167.10801141,114.1711821,65.30550005,-21.58845015,-59.53369299,37.8291534,-1.1489296150507793,47.9581100624138,1.7025673662190701,-5.0170403938841
-3.69927366258276,166.47983649,114.76304073,64.11281245,-22.70142976,-59.82683234,36.8192366,-1.1385997332509363,51.48905949218019,1.3248299723204993,-5.024103634903259
-4.121922742926,165.93595503,115.4798154,62.87653024,-23.79564015,-60.07033304,35.73504296,-1.1260896552645403,36.34600170723257,0.9138006231890156,-5.035723366115016
-4.58905734104372,165.35732286,116.18585481,61.57148331,-24.86890012,-60.24546863,34.57890105,-1.1137669429112025,39.72578991582542,0.4687700874477662,-5.057827428491486
-5.10734117009461,164.84272739,116.99669595,60.21966982,-25.91115924,-60.33258997,33.34080487,-1.099615095307578,35.56340479729192,-0.008130739717422206,-5.099210430377188
-5.68324367837538,164.33809379,117.8362809,58.83627061,-26.93833692,-60.3808875,32.05389559,-1.084961573579886,34.07021977166913,-0.5495056599851438,-5.133738018390236
-6.32278064156906,163.84214351,118.7173398,57.37955239,-27.93225259,-60.33516875,30.68584146,-1.0695841948708866,39.87210784833328,-1.1085526086816015,-5.214228032887458
-7.03122083168278,163.41246796,119.68191497,55.93559391,-28.91040302,-60.2603942,29.27854242,-1.0527491822714028,32.52752324583774,-1.6672026025486515,-5.364018229134128
-7.81276481828645,162.98058268,120.666434,54.42151672,-29.84189825,-60.05720972,27.72770573,-1.035566083649362,34.05832186216373,-2.222531121689717,-5.590233696596733
-8.67020356770835,162.58354921,121.71391802,52.8841044,-30.75875042,-59.82909038,26.20435783,-1.0172840386383355,33.306587609375214,-2.7940174937817686,-5.876186073926582
-9.6045755004601,162.22218196,122.81066801,51.31997949,-31.65343547,-59.55632169,24.6421191,-0.9981421402416208,30.216414100877607,-3.4053340077197722,-6.199241492740328
-10.6148700805689,161.87897984,123.93675376,49.72984924,-32.49058599,-59.13836659,22.90916091,-0.9784882362443312,34.22674962563872,-4.025385377520845,-6.589484703048056
-11.6978377773661,161.58287307,125.12802932,48.11340651,-33.33204337,-58.7620099,21.28050663,-0.9576965554237918,27.7043390192044,-4.61623414199472,-7.08160363537138
-12.8479239938428,161.31795936,126.35569433,46.49056767,-34.14262533,-58.32568371,19.60560526,-0.9362697588877626,21.66020622368148,-5.184160237215436,-7.663763756627364
-14.0572989598741,161.07299236,127.6041248,44.85686087,-34.89165793,-57.7432947,17.7588264,-0.9144805367040424,22.46035067393297,-5.754208412157636,-8.303090547716463
-15.3159585641414,160.87218406,128.89873874,43.22130845,-35.65269507,-57.23576743,16.06175937,-0.891885260908826,17.792547874615483,-6.290881483156717,-9.025077080984683
-16.6118911939492,160.69623054,130.20890861,41.59713366,-36.35608146,-56.60013436,14.22122615,-0.8690184829168999,13.503907383319811,-6.8151086593296695,-9.796782534619531
-17.9313110211546,160.55442926,131.54372694,39.97251688,-37.06119434,-56.01690026,12.50257989,-0.8457215081424279,4.4122394729329,-7.317747868136799,-10.6135631530178
-19.2589560313302,160.44990138,132.89106411,38.39951839,-37.75255243,-55.44303556,10.8101786,-0.8222060383914253,-6.593855659363612,-7.802803447975779,-11.45615258335442
-20.5784442860994,160.34813157,134.21399541,36.85119255,-38.37509217,-54.71986012,8.94032455,-0.7991165314287364,-9.58294842423042,-8.260994054307291,-12.31745023179211
-21.8726751165783,160.28420194,135.5354396,35.3518938,-39.02712508,-54.14195447,7.30474058,-0.776052979431887,-16.585385661481755,-8.691109505833765,-13.181565610744535
-23.1242584205897,160.23318199,136.82935763,33.9009465,-39.63388183,-53.49166017,5.59467243,-0.753469849557468,-26.84842431804224,-9.098065293653121,-14.02619312693658
-24.3159551545501,160.20155852,138.08478783,32.52302314,-40.23373716,-52.88555492,3.96421593,-0.7315584590384969,-36.94002451815832,-9.48577089675865,-14.83018425779145
-25.4311120262267,160.18268476,139.29088971,31.22020678,-40.82052939,-52.31172084,2.39575757,-0.7105080101180038,-46.829121146474414,-9.848289069216884,-15.582822957009816
-26.4540699257263,160.16688486,140.42248531,30.00735916,-41.43127486,-51.87866293,1.02411961,-0.6907579410969227,-55.919939081525705,-10.187183607039742,-16.26688631868656
-27.3705036040773,160.16566025,141.48411069,28.90020128,-42.03309859,-51.49506469,-0.279735300000002,-0.672229082793187,-64.88727497199088,-10.499201085660953,-16.871302518416346
-28.1676340546511,160.15502031,142.43978514,27.90377817,-42.58637214,-51.04888834,-1.6695367,-0.655549417063501,-69.00662725248586,-10.789681603049612,-17.377952451601487
-28.8343198170269,160.14727876,143.30555497,27.00082845,-43.18968852,-50.83231895,-2.77128705,-0.6404388829655694,-81.29961472880476,-11.054165188485062,-17.780154628541837
-29.3611214367052,160.14082504,144.06170612,26.22175015,-43.78894144,-50.68567573,-3.79722893,-0.6272415557553279,-87.60006308761392,-11.288548131310874,-18.07257330539433
-29.7404123935096,160.10168654,144.66118677,25.57973657,-44.36710116,-50.57275989,-4.79055462,-0.6167786446108322,-82.95337353626198,-11.495880644413846,-18.244531749095756
-29.9665327505655,160.07783972,145.18171571,25.03736828,-44.97938057,-50.64948737,-5.54435216,-0.6076937007559162,-83.04069759472732,-11.688607667554688,-18.27792508301081
-30.0359517629596,160.0316556,145.54153075,24.61610331,-45.57194871,-50.75879885,-6.31760877,-0.6014137436097212,-84.06924281220252,-11.846772688653504,-18.189179074306097
-29.9474074282094,159.99907262,145.82593715,24.2757035,-46.18309111,-51.02029897,-6.88742027,-0.5964499155159773,-85.76462423166342,-11.981894307438479,-17.96551312077092
-29.7019956790631,159.93180009,145.94019345,24.05261567,-46.77026899,-51.30924684,-7.47209093,-0.5944557668898305,-84.8281521135541,-12.099798146958173,-17.602197532104924
-29.3031890253871,159.88765015,145.97876349,23.90035618,-47.38413847,-51.76815635,-7.87644041,-0.5937825926992046,-80.65396682394477,-12.185927819885276,-17.117261205501823
-28.7567731533907,159.80544702,145.85282664,23.83398552,-47.95529426,-52.20245566,-8.36051025,-0.5959806053812952,-73.23063122025685,-12.238482051509065,-16.518291101881637
-28.0706993670354,159.75217949,145.66947664,23.80061309,-48.55188652,-52.80472302,-8.65567197,-0.5991806665648265,-67.54371147209004,-12.265723811511206,-15.804975555524193
-27.2548598552226,159.66721759,145.34587922,23.7999718,-49.10155135,-53.36269213,-9.09775364,-0.6048285069947855,-67.97177790574982,-12.26287028185365,-14.991989573368949
-26.3208007045072,159.61736382,144.97319283,23.81676052,-49.67006731,-54.06607347,-9.40312787,-0.6113331115776574,-79.46680259337869,-12.243119716797006,-14.077680987710194
-25.281393624542,159.52585625,144.4494822,23.84997693,-50.19328017,-54.72103,-9.8256793,-0.6204735863988509,-66.7935829222166,-12.195266627622223,-13.086126996919779
-24.1504910111193,159.41742697,143.82159778,23.86780355,-50.75506653,-55.56457503,-10.09976875,-0.6314322368498261,-52.69420759535404,-12.093572088525132,-12.056918922594168
-22.9425900045905,159.35721643,143.17038614,23.84959588,-51.22042417,-56.20864591,-10.68119221,-0.6427980240951379,-64.98468877886299,-11.974364586696264,-10.968225417894235
-21.672529655061,159.23329712,142.36808716,23.79642384,-51.69857314,-56.95077822,-11.21898696,-0.6568007828815302,-64.48013329072965,-11.844148337870273,-9.828381317190725
-20.3552414827186,159.12863657,141.51895524,23.69713387,-52.20605523,-57.83813626,-11.6437612,-0.6716209306693112,-58.155599388244326,-11.68247920644127,-8.67276227627733
-19.0055681204278,158.98438282,140.54513259,23.58657452,-52.60231697,-58.45751413,-12.42056473,-0.6886173422423073,-48.29945806686386,-11.482889482466504,-7.522678637961295
-17.6381579624451,158.84583383,139.5343173,23.42798235,-53.00615531,-59.14572321,-13.13087567,-0.7062593971823089,-39.18380409655309,-11.276257809179011,-6.361900153266088
-16.2674290790853,158.69134607,138.44544251,23.28664441,-53.39738943,-59.84008337,-13.80677417,-0.7252638474097708,-38.84702536408153,-11.055318695600372,-5.212110383484928
-14.9075573451175,158.5403433,137.3251727,23.15805208,-53.71688554,-60.36303831,-14.57474775,-0.7448162441049619,-38.34054303246455,-10.806589108294055,-4.100968236823444
-13.5724085681589,158.35907291,136.12317537,23.12438069,-54.01042219,-60.84928462,-15.24605145,-0.7657950551136424,-37.29454626780431,-10.546985922157313,-3.025422646001587
-12.2753672968819,158.18221894,134.89635297,23.19980985,-54.26904941,-61.27560777,-15.7581421,-0.7872071453308614,10829.115447470784,-10.265209197111785,-2.0101580997701145
-11.0290867876863,157.96561005,133.58722622,23.42595815,-54.44936921,-61.49900151,-16.30751204,-0.8100557174442945,10758.42147429472,-9.950622916326722,-1.0784638713595776
0.75010031950821,220.13597412,194.51379434,15.83278093,63.63792354,63.17874888,-0.418252870000002,0.2533134981903174,-11058.11568992327,-9.612192201925906,10.362292521434115
0.598108559715242,219.57286391,192.69249154,15.45651477,63.21284176,62.44848091,-2.18535963,0.2215257676545254,-11017.593701746637,-9.253677818983213,9.851786378698456
0.503529655219663,218.96768218,190.77289987,15.22827648,62.67852177,61.49636049,-3.8783511,0.1880225727191691,-107.8612744694218,-8.873018559876735,9.376548215096399
0.481008576209374,218.27357771,188.67159491,15.23976266,62.00030841,60.22875661,-5.31940863,0.1513478825786815,-106.84293419208151,-8.484598606286793,8.965607182496168
0.541224777946929,217.50198685,186.41400582,15.49483699,61.18460518,58.6654525,-6.4866187,0.1119455198010787,-86.36482027214862,-8.079083962515083,8.620308740462013
0.690211210188911,216.66672356,184.03853336,15.9605419,60.25035421,56.86154348,-7.42814441,0.0704857040836295,-77.78970698849186,-7.654149160342303,8.344360370531215
0.928948809083419,215.77167571,181.5602778,16.64023688,59.20962335,54.84951944,-8.14302765,0.0272319848557734,-77.59637337659129,-7.209353176182439,8.138301985265858
1.25327541730577,214.80516736,178.95976962,17.58469154,58.04427992,52.58537699,-8.52064175,-0.0181554451102717,-71.5322775050879,-6.736967817165792,7.990243234471562
1.65412721458139,213.7745567,176.26195531,18.76937062,56.77024498,50.10932409,-8.58860865,-0.0652411874271909,-58.442493120026384,-6.247471035260695,7.901598249842085
2.11810471377159,212.67564583,173.47115612,20.18555224,55.38374109,47.41991169,-8.33008299,-0.1139498220546817,-38.981286562122186,-5.740963700699198,7.859068414470788
2.62831829477716,211.53051372,170.628782,21.81615419,53.92133996,44.60069942,-7.80803516,-0.1635586090221579,-26.494862499488647,-5.220057148585496,7.848375443362656
3.16541277951373,210.35473495,167.7591963,23.68567376,52.40019033,41.68520788,-7.00318002,-0.2136423276553039,-25.258207712665023,-4.687487352875358,7.852900132389088
3.70864483655355,209.12453533,164.84380431,25.72145826,50.79569873,38.62889908,-5.93301916,-0.2645255168670739,-17.06019026718355,-4.136806735296266,7.845451571849816
4.23693897482348,207.85034238,161.90251761,27.9004436,49.11341841,35.43167163,-4.58925008000001,-0.3158606540271927,3.636316702047715,-3.57176439386134,7.80870336868482
4.72990642653352,206.54749183,158.96107893,30.2555153,47.40430371,32.21710198,-3.04646477,-0.3671984437387081,11.3547473396574,-2.999150947957494,7.729057374491014
5.16880241777622,205.24714072,156.06667348,32.71598517,45.67716895,29.01167513,-1.37863785,-0.4177153487288766,4.071779841073386,-2.4283749825009204,7.597177400277141
5.53736816055278,203.88920312,153.14341146,35.25836332,43.89826734,25.70509787,0.52739888,-0.4687358958763766,14.537402354563156,-1.8459100754195539,7.383278235972334
5.82250375770603,202.51138354,150.25415893,37.8420482,42.07500117,22.33979654,2.58572892999999,-0.5191628654464533,35.50343877485478,-1.272093585491326,7.094597343197355
6.0147344154316,201.12580345,147.40903717,40.45664507,40.24626186,18.99574297,4.7307828,-0.5688196077785889,37.88717281530847,-0.7260061180951288,6.740740533526729
6.10845072069759,199.75617298,144.6450641,43.05332235,38.4315659,15.72307239,6.85177538,-0.6170600382865444,31.92538814454924,-0.18810397286201155,6.296554693559601
6.10192228856159,198.34632253,141.89174039,45.63928383,36.58308633,12.38822758,9.12915895,-0.6651146023992702,44.91395390497139,0.33576793497617097,5.766154353585419
5.99710101727186,196.9452806,139.21888827,48.17179226,34.73349664,9.09075890999998,11.40940928,-0.7117646723121807,53.7170054436098,0.8356683514017458,5.161432665870114
5.79924407590102,195.55613214,136.63178161,50.63757268,32.8833337,5.82877460999998,13.69401717,-0.7569182016294544,52.35483879428404,1.3015108049371225,4.497733270963898
5.51639665263246,194.15890379,134.10048821,53.03703568,31.032423,2.58966481000002,15.9855741,-0.8010976057934559,59.45636360915714,1.7326066826589641,3.7837899699734963
5.15878167571885,192.78267862,131.67179396,55.3448147,29.18284729,-0.606307270000002,18.26483169,-0.8434863169802103,61.16909360137868,2.1372659452901246,3.0215157304287255
4.73814736025974,191.41520871,129.32274802,57.55996238,27.34471818,-3.74115752,20.49053051,-0.8844849029138154,66.4059871832479,2.502472016401231,2.235675343858509
4.26711665798188,190.06116317,127.0622794,59.66697595,25.51920809,-6.81275665000001,22.64562592,-0.9239375229708282,74.74810075709604,2.8317507277898546,1.4353659301920256
3.75856950774602,188.74170407,124.92548611,61.6599218,23.70122777,-9.82112765000001,24.75460903,-0.9612316013158502,71.36276240148894,3.1249927293125563,0.6335767784334636
3.22508279727685,187.43794387,122.88103991,63.53747681,21.89777853,-12.75916764,26.78394281,-0.9969139188857364,73.21930054275727,3.390721464517339,-0.16563866724048903
2.67845140126199,186.15589095,120.93710271,65.29629074,20.11029746,-15.6210404,28.72755956,-1.030842023477736,82.79348566881283,3.615355252077052,-0.936903850815062
2.12930746200144,184.91115279,119.11931611,66.92472367,18.33975953,-18.39811168,30.58171315,-1.0625683847463692,83.87680804486929,3.813477298110279,-1.6841698361088389
1.58684623616777,183.70131893,117.42309104,68.42452559,16.59188371,-21.07687693,32.32895963,-1.0921730970727406,84.85191651664614,4.0038071795370715,-2.4169609433693013
1.05865890530735,182.51878878,115.83817102,69.79109825,14.86117564,-23.67674222,33.98248931,-1.1198351698025149,86.38563506880637,4.161372429486424,-3.102713524179074
0.550666209302315,181.38558075,114.39524504,71.01766354,13.16092158,-26.15348131,35.49831544,-1.1450189790160803,80.22620582289308,4.3171439351267695,-3.7664777258244544
0.0671417946716149,180.27238097,113.05197916,72.11740928,11.47944501,-28.54562741,36.91762773,-1.16846339135178,82.49507276397061,4.451993424267787,-4.384851629596172
-0.389189205143088,179.19499557,111.82706134,73.09083822,9.81548617999999,-30.86124457,38.26396792,-1.1898422403771312,96.90294201744054,4.575829018241195,-4.965018223384283
-0.816992723991462,178.16294748,110.73844925,73.91981195,8.18633446000001,-33.04262924,39.4506368,-1.208842105624648,83.76123757778852,4.6718432783632995,-5.488836002354762
-1.21612639481976,177.20073416,109.8140906,74.62124351,6.61360894000001,-35.03358644,40.42410726,-1.2249752075364375,65.02830281153837,4.7523185174083755,-5.968444912228136
-1.5874147018288,176.19511467,108.90483588,75.18590394,5.01669022999999,-37.06270404,41.43896756,-1.240844696139737,83.64692200244494,4.80492051299828,-6.392335214827081
-1.9324137648244,175.27141754,108.17370459,75.6201218,3.47933083999999,-38.89589642,42.23499945,-1.2536053444145905,83.3972788328885,4.8399738315417675,-6.772387596366167
-2.25317894881068,174.37554666,107.55048407,75.92028555,1.98303891999998,-40.58002583,42.8421945,-1.2644825944545817,67.76635439811996,4.848269149174956,-7.101448097985636
-2.55204621381538,173.49883812,107.01114979,76.1290969,0.485309699999988,-42.24001479,43.45312053,-1.2738957534094544,71.48960071421185,4.829352867641752,-7.381399081457133
-2.83143569007172,172.65597394,106.58440487,76.20989364,-0.964976669999999,-43.74036134,43.87603245,-1.2813438573296143,72.57568594647434,4.799438550766346,-7.630874240838066
-3.0936835604356,171.84055474,106.25820023,76.17569311,-2.38584602,-45.13147448,44.17301323,-1.287037202332897,66.08496179261181,4.743058381998011,-7.836741942433612
-3.34090609825533,171.05687302,106.03415372,76.02929865,-3.77362771999998,-46.40557396,44.33984561,-1.2909475516099995,60.16514181839349,4.6816571375649385,-8.022563235820268
-3.57489775074724,170.28819882,105.88388961,75.80264708,-5.11224931000001,-47.52059036,44.32579769,-1.2935701550770786,65.30053752294096,4.634122669162574,-8.209020419909814
-3.79706354366009,169.54577206,105.82862344,75.44028413,-6.47736046,-48.68414147,44.36326176,-1.2945347317085454,67.3147050756051,4.542566557259939,-8.33963010092003
-4.00838484068748,168.8457897,105.88372351,74.9925509,-7.75629749999999,-49.59189842,44.11278112,-1.293573054068966,60.2641700548201,4.422227305413456,-8.430612146100936
-4.20941660948662,168.16444264,106.00877801,74.43231763,-9.06818795000001,-50.56695284,43.91475933,-1.2913904412995307,63.45894638137839,4.2775254911422405,-8.48694210062886
-4.40031378528563,167.5171617,106.22884567,73.7803676,-10.32706958,-51.37983996,43.52456785,-1.2875495360553717,64.59803377236727,4.1191810544131435,-8.519494839698773
-4.58088402595891,166.91359679,106.55252556,73.03193912,-11.55501726,-52.0932089,43.01858875,-1.2819002562523782,57.95673482794194,3.939271282699587,-8.520155308658497
-4.75066298919649,166.33286632,106.9440873,72.20387524,-12.7586474,-52.72429834,42.37892009,-1.2750662146645402,55.2773559748232,3.6351961836030235,-8.385859172799513
-4.90900506990116,165.79056954,107.42834074,71.28132797,-13.94574628,-53.30178782,41.68510104,-1.2666143977224316,52.43948028168299,3.3002655591749264,-8.209270629076087
-5.05518083597396,165.26370629,107.97604485,70.25681281,-15.09663735,-53.77096592,40.85805849,-1.2570551576762266,50.24324696277116,2.9304912805763297,-7.98567211655029
-5.18847579034783,164.78668552,108.60461201,69.19402175,-16.27198865,-54.30013478,40.08710311,-1.2460845911643166,52.78796668277463,2.531332532866115,-7.719808323213945
-5.30828903474923,164.31995503,109.295875,68.02586934,-17.37427727,-54.62318631,39.06156785,-1.2340197759916358,54.55697830738515,2.1481408674117572,-7.456429902160988
-5.41423039487927,163.91484455,110.08333605,66.80671512,-18.47712089,-54.94526247,38.02082274,-1.220275987937924,47.21860533169364,1.7530718918233927,-7.167302286702663
-5.50621306862646,163.54110431,110.92829361,65.55931862,-19.57025539,-55.24237597,36.94928962,-1.2055286964763066,40.66080992000786,1.3366765391084514,-6.842889607734911
-5.58453831035565,163.19178633,111.83260277,64.23331079,-20.63639631,-55.46547019,35.79216496,-1.1897455241783623,38.44788427212142,0.9031785633234368,-6.487716873679087
-5.64996855704915,162.87392402,112.7936815,62.86471252,-21.68615261,-55.64782803,34.58645055,-1.1729715359689763,36.04390790299172,0.4740467408129356,-6.124015297862086
-5.70378526906414,162.58220995,113.80215964,61.45627398,-22.7174957,-55.78611283,33.33102353,-1.1553702719915884,34.5470035807427,0.08858044448036226,-5.792365713544502
-5.74782763381846,162.32541677,114.86558577,60.02482936,-23.73446951,-55.8914183,32.04395568,-1.1368099846713473,31.11084821864063,-0.28706216374284277,-5.460765470075617
-5.78450821586227,162.09614395,115.96965626,58.57245795,-24.73777919,-55.96927924,30.73943362,-1.11754031944674,25.33276468764667,-0.6696011458302225,-5.114907070032047
-5.81680169266515,161.88812607,117.11574207,57.07871318,-25.7140912,-55.98010794,29.37999979,-1.097537348551854,17.560926974915514,-1.0362066065548696,-4.780595086110281
-5.84820305158479,161.70058303,118.28229893,55.59753086,-26.68767601,-55.99842462,28.03529298,-1.0771770904331273,14.903047087524437,-1.3626882007536183,-4.485514850831171
-5.88265209045848,161.53747279,119.46651507,54.15664992,-27.66302216,-56.03875737,26.72729744,-1.0565086197348692,14.277732268448418,-1.6899997890333591,-4.192652301425121
-5.92442180212866,161.38430138,120.68032977,52.6561951,-28.60504981,-55.99637054,25.36098495,-1.035323556710762,6.361239921988116,-2.018948501069513,-3.905473301059147
-5.97797476062001,161.24698084,121.89909345,51.19821593,-29.54938901,-55.97844759,24.03275797,-1.0140521176910395,0.1162581268077111,-2.365780629206914,-3.612194131413096
-6.04781187930243,161.12063147,123.11480783,49.78780918,-30.4966584,-55.98798062,22.74870356,-0.9928338989961978,-3.3663177574205783,-2.698145382296807,-3.3496664970056234
-6.13835023734203,160.99630369,124.33233794,48.36394204,-31.42738716,-55.96712671,21.45425495,-0.9715839898345292,0.1440961283716291,-3.024200276545229,-3.1141499607968006
-6.25383945341483,160.86998636,125.52999831,46.96660729,-32.35845904,-55.96749552,20.20490756,-0.9506808730573756,1.1588532447659006,-3.3615438445206975,-2.8922956088941327
-6.39829043506826,160.76070586,126.76640804,45.52086875,-33.25420498,-55.88240579,18.86543879,-0.9291014523651816,-7.975625846849965,-3.712580602810579,-2.685709832257681
-6.57539264646631,160.64416076,127.95182853,44.17633273,-34.1755691,-55.89329277,17.63673555,-0.908411961794077,-16.637064860639494,-3.941189514530393,-2.6342031319359167
-6.78841652262719,160.53236417,129.15478117,42.76669903,-35.06235574,-55.82533347,16.34251187,-0.8874164774805189,-13.879718659179918,-4.1678585587503925,-2.6205579638767977
-7.04010610672364,160.3956162,130.27833539,41.46740138,-35.9755839,-55.85887547,15.16250718,-0.8678067570168423,-5.0138631927410415,-4.392587735471128,-2.647518371252512
-7.33256846539906,160.28553762,131.46362937,40.07809428,-36.8421321,-55.77606997,13.86330818,-0.8471194744617743,-10.39957227327859,-4.615377044692595,-2.717191420706465
-7.66716797573459,160.15353157,132.57611493,38.77834901,-37.73017294,-55.78152302,12.65605878,-0.8277029385588817,-21.854644628999065,-4.836226486414793,-2.8309414893197973
-8.04443281294119,160.03335784,133.71289241,37.4182167,-38.57446968,-55.68717495,11.37143012,-0.8078624286703575,-19.490685168963573,-5.055136060637723,-2.989296752303467
-8.46397844104853,159.87921852,134.74867658,36.16910659,-39.44325192,-55.69331801,10.18807073,-0.789784584563821,-13.507055957292511,-5.2721057673613885,-3.1918726736871417
-8.92445244002304,159.75518767,135.85048205,34.83392277,-40.25783142,-55.56726889,8.87898082,-0.7705544513958371,-21.77088453286901,-5.487135606585786,-3.4373168334372544
-9.42350605495053,159.60080389,136.8438485,33.61270118,-41.09351051,-55.53760554,7.67709673,-0.7532169361644895,-10.428223598278883,-5.7002255783109135,-3.7232804766396157
-9.95779765972905,159.46415153,137.86333371,32.34763951,-41.8964377,-55.43975548,6.39283583,-0.7354235625746036,-10.026436587164955,-5.911375682536777,-4.0464219771922725
-10.5230320371277,159.33373905,138.8792711,31.09407555,-42.65820818,-55.26361496,5.09151552,-0.7176921101249859,-45.40165823917474,-6.120585919263371,-4.402446117864329
-11.1140213779117,159.18634893,139.81873812,29.9043099,-43.4281115,-55.14374143,3.83506639,-0.7012953174120866,-36.69929474508504,-6.327856288490695,-4.786165089421004
-11.7247147755905,159.01749037,140.65456136,28.81956842,-44.19522538,-55.06179347,2.63213694,-0.6867074499093998,-21.71177721241757,-6.533186790218755,-5.191527985371746
-12.3481543962755,158.88955776,141.56387106,27.66306507,-44.90858631,-54.85992725,1.31969251,-0.6708370017240781,-33.38485340902086,-6.736577424447548,-5.611576971827953
-12.9764027182055,158.71351981,142.3054523,26.66141925,-45.63057293,-54.73280552,0.0939728600000009,-0.6578939674150555,-31.85151359331062,-6.938028191177073,-6.038374527028427
-13.6005300004571,158.59773952,143.11772288,25.62894041,-46.32972225,-54.57717225,-1.12235212,-0.6437171713769717,-42.39472471869177,-7.137539090407328,-6.462990910049772
-14.2107087065448,158.4222139,143.77384751,24.72314885,-47.00156062,-54.40881744,-2.32222652,-0.6322656362800422,-37.48269799714543,-7.335110122138316,-6.875598584406484
-14.7964149016031,158.28084554,144.42867082,23.84627397,-47.66095783,-54.24978162,-3.49255643,-0.6208368135017345,-29.45902672665035,-7.53074128637004,-7.2656736152330605
-15.3467221863205,158.14336853,145.02748268,23.03844858,-48.30603079,-54.1059711,-4.61126991,-0.6103855749447434,-34.10655403603635,-7.724432583102493,-7.622289603218007
-15.8506699797692,158.01198287,145.57083097,22.30188339,-48.93139029,-53.96543315,-5.68813007,-0.6009023582991623,-38.337647531239135,-7.916184012335679,-7.934485967433522
-16.2976847599035,157.90563284,146.08570169,21.63013967,-49.55134897,-53.87178633,-6.65754409,-0.5919161690130483,-37.7951573118196,-8.1059955740696,-8.1916891858339
-16.6780303172628,157.78050933,146.49333258,21.06000676,-50.14840164,-53.77820132,-7.61637367,-0.584801667849714,-45.5876230709662,-8.293867268304252,-8.384163048958547
-16.983261267864,157.69369876,146.9273704,20.49352079,-50.71177553,-53.65407381,-8.54806543,-0.5772262788125352,-68.69068426063274,-8.479799095039633,-8.503462172824365
-17.2066530794217,157.57191653,147.15463635,20.14660235,-51.29737915,-53.66807557,-9.31112162,-0.5732597397073623,-33.84123780980519,-8.663791054275753,-8.542862025145945
-17.3435817404519,157.47656395,147.37547048,19.83228037,-51.83798549,-53.6236075,-10.10729485,-0.5694054570380853,-27.562752674293865,-8.845843146012603,-8.497738594439296
-17.3918270418866,157.42594186,147.62204411,19.53538785,-52.3705662,-53.63026911,-10.74662961,-0.5651019353459912,-62.388124053419645,-9.025955370250182,-8.365871671636418
-17.3517752530215,157.33792635,147.66564762,19.43670332,-52.89469589,-53.69186604,-11.34285683,-0.5643409105310648,-37.34528473447796,-9.204127726988498,-8.147647526033003
-17.2264992500136,157.29580301,147.73199425,19.35766696,-53.39824881,-53.77020967,-11.84860623,-0.563182943389962,-24.69752069045983,-9.380360216227546,-7.846139033786054
-17.0216968884652,157.26695217,147.74185204,19.36198777,-53.8904379,-53.8934039,-12.25325305,-0.5630108924974921,-32.46353773012856,-9.554652837967327,-7.467044050497874
-16.7454729705824,157.25595352,147.70043802,19.42326678,-54.38166941,-54.09084039,-12.56031357,-0.5637337035029788,-35.60087003501189,-9.727005592207837,-7.018467378374565
-16.4079564971786,157.27902147,147.63205409,19.57525576,-54.87408859,-54.36501942,-12.68307433,-0.5649272282369323,-45.291856085271085,-9.897418478949083,-6.510538018229516
-16.0207507869452,157.28024805,147.46490383,19.78211381,-55.30720622,-54.54996505,-12.92440821,-0.5678445506194968,-29.227219076715105,-10.065891498191059,-5.954859288754141
-15.5962187818794,157.31563535,147.26275292,20.06132106,-55.80485866,-54.98467339,-12.84561513,-0.5713727495848996,-17.621962884182274,-10.232424649933767,-5.3637941319456335
-15.146610766385,157.36641551,147.06191001,20.3016172,-56.19833964,-55.20165331,-12.98504801,-0.5748781196436863,-30.12360272724557,-10.397017934177208,-4.749592832207792
-14.6830482929873,157.42576754,146.79248534,20.60748079,-56.6329749,-55.60089123,-12.91020062,-0.5795804672212851,-33.2186212697505,-10.559671350921386,-4.123376942065914
-14.2143867322972,157.49311834,146.48632066,20.91095234,-57.05417187,-56.02640742,-12.80935257,-0.5849240489406003,-29.60609515073376,-10.720384900166293,-3.494001832130907
-13.7459877834794,157.57874367,146.13188908,21.24554701,-57.50897136,-56.61410019,-12.53112767,-0.5911100469846456,-27.83642030101064,-10.879158581911932,-2.8668292015674677
-13.2784414053664,157.63115888,145.74110088,21.47061534,-57.87529591,-56.99862466,-12.52640201,-0.5979305877525878,-26.550767140761653,-11.035992396158305,-2.242449009208096
-12.8062856289783,157.70227195,145.31180188,21.68449674,-58.26751524,-57.51831413,-12.40387602,-0.6054232687781073,-39.9537159534924,-11.19088634290541,-1.6153992860728899
-12.3167836766305,157.77255343,144.84375641,21.83236031,-58.66026135,-58.09093427,-12.27284507,-0.6135922032786514,-52.16496966094275,-11.343840422153248,-0.9729432544772525
-11.7888303335935,157.79279995,144.26279675,21.95580115,-59.04845098,-58.69432308,-12.17667142,-0.6237318621669181,-37.67957637276553,-11.494854633901815,-0.2939756996916856
-11.1920736011425,157.80869239,143.64752868,21.9686759,-59.43073994,-59.32713544,-12.12648293,-0.6344703157708093,-43.01551913500345,-11.643928978151118,0.4518553770086182
-10.4863535443564,157.82908526,142.99790355,21.89659061,-59.8167075,-60.01835333,-12.0871389,-0.6458084131930055,-67.141400862194,-11.791063454901154,1.304709910544755
-9.6215778782114,157.7560534,142.20484018,21.71368016,-60.18253692,-60.67923093,-12.19105322,-0.6596499801764675,-63.0369990720725,-11.936258064151923,2.3146801859405226
-8.53817288130758,157.67300736,141.34831846,21.47059909,-60.561214,-61.41841225,-12.28223308,-0.6745991043053123,-58.72063053495524,-12.079512805903422,3.5413399245958423
-7.16843234134245,157.54964279,140.40097628,21.15921359,-60.93487808,-62.1739553,-12.41238689,-0.691133344489333,-61.66274776301051,-12.220827680155653,5.052395338813202
-5.4408098816872,157.38515508,139.36228894,20.7987601,-61.3027678,-62.95005866,-12.56693039,-0.7092618584711147,-54.871048560958215,-12.36020268690862,6.9193928052214195
-3.29014901767977,157.18750079,138.24381086,20.4208424,-61.6588999,-63.7255367,-12.71903783,-0.7287829835784995,-58.72159919269144,-12.497637826162313,9.207488808482543
-0.669246779886992,156.96860599,137.06187147,20.06236105,-61.99452581,-64.48108013,-12.84022323,-0.7494117174930128,-56.36271165946454,-12.633133097916746,11.963886318029754
2.44860750647435,156.68958748,135.75019546,19.81390396,-62.32739785,-65.26312945,-12.81123827,-0.7723047825869351,-45.2866235881789,-12.766688502171911,15.215296008646261
