thigh,shank,foot,thigh_,shank_,foot_,knee_moment,shank_new,shank_new_second derivative
164.80883142,64.66326676,-54.72538974,-11.27655598,48.42879245,-41.01746216,0.315406867808468,-2.0130057435323874,-18.25016796851653
163.92918232,65.71667257,-58.02241281,-12.14500924,48.80060488,-44.78987068,0.283280010650197,-1.9946203437882493,-28.260804089954572
163.07793146,66.7177955,-61.12264368,-13.00024379,49.10639244,-48.29869931,0.254262642537044,-1.977147452442537,-41.72441705682317
162.25673964,67.66156171,-64.02209536,-13.84678119,49.34876941,-51.52591343,0.228011893261714,-1.9606756247089685,-49.352827102286945
161.46343299,68.53326094,-66.67428085,-14.67434264,49.51795434,-54.44249617,0.204283821900639,-1.945461603058369,-56.34120047643742
160.69699305,69.32367998,-69.06741207,-15.48176526,49.6115947,-57.03569034,0.182967238409785,-1.9316661883399164,-62.05954487778609
159.95820953,70.02591508,-71.19687652,-16.26948372,49.62811631,-59.30449461,0.16406361481305,-1.9194098737218446,-68.24560784808308
159.24514677,70.63022325,-73.06015585,-17.03549478,49.56423835,-61.25373985,0.147694638855311,-1.908862706458643,-74.08639407778806
158.55539676,71.12755069,-74.66313154,-17.78017693,49.4175961,-62.89845844,0.134030286895843,-1.9001827051701285,-78.6780987763791
157.88821974,71.51228275,-76.02009149,-18.50581451,49.18827505,-64.26138605,0.123133265321998,-1.8934678639851483,-82.59390726884641
157.24254932,71.778394,-77.14418385,-19.2132421,48.87581868,-65.36798037,0.114879059104979,-1.8888233464960504,-81.08107158118605
156.61671741,71.92111402,-78.05380807,-19.90604523,48.48218108,-66.24915841,0.108989687477912,-1.8863324122385383,-86.31850446978895
156.03381999,71.96467699,-78.7659414,-20.59078362,48.01900471,-66.92039425,0.105095567803825,-1.885572094980091,-94.55444093858345
155.42752164,71.83537669,-79.30546723,-21.25505792,47.46100379,-67.45126804,0.102784853487178,-1.8878288109389072,-85.74503291081336
154.86462301,71.60920294,-79.68541096,-21.92460128,46.84469229,-67.83115233,0.101640978677379,-1.8917762875579898,-81.88306433510873
154.32071975,71.25835651,-79.9191667,-22.58414244,46.15855023,-68.09275829,0.101269546959815,-1.8978997129303574,-81.27197569477218
153.79413654,70.78457349,-80.02505433,-23.23386107,45.40566538,-68.26079969,0.101315957268453,-1.9061687865693995,-78.20438849212464
153.30609187,70.21568221,-80.01769271,-23.88942262,44.60226078,-68.34953827,0.101475290224652,-1.9160978124912849,-79.406300754854
152.82154064,69.5118659,-79.88939385,-24.52609637,43.73051448,-68.36399856,0.101496004756391,-1.9283817244300216,-74.4873119149303
152.37116743,68.71804332,-79.69007072,-25.16593554,42.81561432,-68.3463313,0.101178940424631,-1.9422365421276977,-68.53267960345688
151.93591361,67.81237745,-79.39449773,-25.79098114,41.84575988,-68.27471128,0.100373006345207,-1.9580433934821369,-66.5179500547608
151.53518249,66.8277411,-79.028089,-26.41024023,40.83542198,-68.18449978,0.0989687819873903,-1.9752285397244562,-67.36214312466959
151.1492278,65.73176922,-78.61583595,-27.01245181,39.77414747,-68.05605854,0.0968910750297584,-1.9943568575397281,-64.5017491935218
150.78613641,64.55148223,-78.14758051,-27.59838851,38.67246527,-67.91036623,0.0940912905969179,-2.0149567516336817,-58.05655893450723
150.44005495,63.28159319,-77.6129665,-28.16113191,37.52980555,-67.73866942,0.0905402753858778,-2.0371204965166716,-52.09839233129232
150.12978273,61.94258378,-77.06449294,-28.70306222,36.34992037,-67.5640026,0.0862221174670823,-2.060490619436358,-49.6447421463353
149.84992761,60.53291536,-76.48993017,-29.21737673,35.13271987,-67.37908268,0.0811292135677576,-2.0850939747267443,-47.282025360728674
149.591047,59.04924191,-75.91028216,-29.70057823,33.87716143,-67.20593026,0.0752587640693298,-2.1109889614536677,-40.137171001837224
149.37735373,57.51333148,-75.30725409,-30.14879595,32.58639161,-67.01278629,0.0686107238254851,-2.13779565547289,-38.069807558893665
149.20719997,55.92593099,-74.68052345,-30.55809432,31.26010005,-66.7921906,0.0611871251060683,-2.165501020571161,-36.0492712997873
149.0580691,54.27562367,-74.08156863,-30.92566036,29.89500556,-66.60873541,0.052992597645799,-2.194304316974925,-30.22087865310663
148.9729408,52.59607296,-73.44785526,-31.24821839,28.49640528,-66.37587162,0.0440358397452284,-2.2236180068186333,-27.471939702654602
148.91310258,50.86476298,-72.84672546,-31.52303674,27.05768721,-66.18189533,0.0343317433712574,-2.2538350663422704,-23.211964498996984
148.91755101,49.10881231,-72.2113142,-31.74849081,25.58655031,-65.93121018,0.0239038450263193,-2.284482187036371,-19.387333751978986
148.96301316,47.32090753,-71.59401519,-31.92190725,24.07682451,-65.69684534,0.0127867479304419,-2.3156870121595157,-16.369340080029104
149.05901722,45.51047042,-70.9730024,-32.0430597,22.53109363,-65.45282056,0.0010281299519497,-2.3472851006293065,-10.727352088117925
149.20531188,43.68326267,-70.35410428,-32.10903433,20.94767721,-65.19895969,-0.0113100352777747,-2.379175891984764,-4.990707909553471
149.41460653,41.85066533,-69.70711772,-32.121149,19.33260846,-64.90047602,-0.0241513316863491,-2.411160749431054,2.0499904355641974
149.68368735,40.01702316,-69.03940501,-32.07863836,17.68431575,-64.5683075,-0.0374060201361134,-2.4431638426009674,5.234048695181848
150.03300415,38.20260582,-68.31653621,-31.98092005,16.00853956,-64.17007099,-0.0509735335766653,-2.4748313991892448,7.147941846334938
150.4129717,36.38077254,-67.60448888,-31.83184284,14.29596348,-63.77183124,-0.064746357202583,-2.506628388347653,12.186771974032062
150.88246261,34.595501,-66.80746976,-31.6260349,12.55932841,-63.27298538,-0.078615186689622,-2.537787254762802,15.973326618077266
151.38486199,32.81434698,-66.0018382,-31.37342449,10.79540277,-62.73907562,-0.0924751419248816,-2.568874256896935,23.120146217698867
151.96771656,31.0799166,-65.11991907,-31.06905236,9.00992478,-62.12972848,-0.106232579833711,-2.599145777674552,27.20641927289602
152.60825042,29.3803901,-64.17836861,-30.71364603,7.20252047,-61.4386465,-0.119811539858123,-2.628808110824447,27.470255459931536
153.30617623,27.7202135,-63.16379133,-30.31311035,5.38033768,-60.68592366,-0.133158514288673,-2.657783658659012,28.48941429669072
154.05326104,26.10382619,-62.10568676,-29.86048687,3.53819061999999,-59.83820558,-0.146244712726898,-2.6859949392059663,34.229392054125896
154.83299479,24.52374272,-61.01177548,-29.37161018,1.69087508,-58.89905947,-0.159065742070938,-2.713572598213803,41.525465230058956
155.69043748,23.02338225,-59.82971513,-28.82719992,-0.172242910000001,-57.89034073,-0.171638778100888,-2.739758828382073,39.720812236789804
156.57122142,21.56519533,-58.62265415,-28.25485944,-2.02956001,-56.82984843,-0.183997168253796,-2.765208991245588,40.4888059768993
157.48642832,20.1705218,-57.36763347,-27.64063252,-3.88912578999999,-55.69144536,-0.196182495370255,-2.7895506363345004,44.333635419353534
158.43360738,18.83863171,-56.09024937,-26.98015362,-5.74973533,-54.50919906,-0.208234369664359,-2.8127965036796834,44.3226660249918
159.39979207,17.57167437,-54.795687,-26.3020516,-7.58903571,-53.28372928,-0.22017899360785,-2.8349090807449926,43.49028708877878
160.36697081,16.36601826,-53.50388001,-25.59587102,-9.41341415,-52.03653751,-0.23201890604135,-2.8559517495112794,46.52331153625511
161.35638172,15.22200793,-52.22959159,-24.85023692,-11.22621673,-50.80886057,-0.243726021417805,-2.875918496446607,49.574506606577806
162.33260871,14.15996375,-50.97377216,-24.1046539,-12.99153527,-49.5149197,-0.255237727818997,-2.89445466418925,45.85722757119104
163.30116331,13.15638249,-49.7610205,-23.33333553,-14.73107645,-48.26676756,-0.266454771403905,-2.9119704614875634,46.313805703510624
164.24812326,12.2166518,-48.60017339,-22.55135017,-16.42828654,-47.04865732,-0.277240658577511,-2.9283718561101013,46.32258820030266
165.18523181,11.35611561,-47.50386342,-21.75815851,-18.08073457,-45.88789712,-0.28742307918337,-2.943391045958169,42.14726670135782
166.07422142,10.53874873,-46.47543934,-20.96014637,-19.67839014,-44.74883033,-0.296797801362469,-2.9576567892109225,46.54603223246401
166.9403165,9.79733478,-45.52968871,-20.15848206,-21.21990563,-43.68697712,-0.305135214590652,-2.9705969037586386,47.23497826540246
167.77697146,9.12753478,-44.67078626,-19.3570361,-22.69910796,-42.70671908,-0.312189497870108,-2.982287119088497,44.42040969909744
168.56806597,8.50919044,-43.90008727,-18.55431212,-24.11434681,-41.7813929,-0.317710241477341,-2.993079263732568,46.95216860407303
169.33277377,7.97083103,-43.22302284,-17.75819049,-25.45836338,-40.96014775,-0.321455662615008,-3.002475407996162,45.0477141935135
170.05296701,7.49006221,-42.63744604,-16.96820281,-26.72903012,-40.20902126,-0.323205550336081,-3.01086640684609,46.34037136005631
170.73392078,7.07223167,-42.14080399,-16.18605914,-27.92423873,-39.53235568,-0.322772993085433,-3.018158925484476,51.22147608323413
171.39214272,6.73644475,-41.7279667,-15.41742701,-29.03891606,-38.95695098,-0.32001621947208,-3.0240195128236067,49.36410891057008
172.01679944,6.46710975,-41.3869129,-14.65902335,-30.07368392,-38.44360489,-0.31485180775725,-3.028720295364466,46.54746340245541
172.60928461,6.2656628,-41.11467854,-13.91571877,-31.02743189,-38.00030366,-0.307268591669055,-3.032236207910066,48.779535312233335
173.1681709,6.12868515,-40.89750696,-13.18696422,-31.90072872,-37.60931888,-0.297340637912961,-3.0346269189042108,50.54056380084937
173.70996602,6.074367,-40.72535722,-12.47899317,-32.68974066,-37.28075744,-0.285237667806219,-3.0355749494653024,47.034637156553316
174.21551373,6.07983665,-40.58278931,-11.78839728,-33.40031671,-36.9797695,-0.271231427049342,-3.0354794860638705,45.01584273603143
174.69310177,6.15255982,-40.45739046,-11.11662181,-34.03307665,-36.69827982,-0.255696673290904,-3.034210227304883,41.73293949956136
175.14824029,6.28890993,-40.33729551,-10.46338772,-34.59269556,-36.4241523,-0.23910563324371,-3.031830468949927,36.73636204774677
175.55141713,6.46986477,-40.18219189,-9.82843023999999,-35.08250686,-36.11516706,-0.222014967842867,-3.028672211194508,36.456109293769856
175.9369119,6.70846706,-39.99768133,-9.20936888,-35.51091127,-35.76933423,-0.205044470282718,-3.024507815631209,27.368066432225113
176.27982884,6.99604784,-39.75883951,-8.61211664000001,-35.87681096,-35.34814501,-0.188846909851257,-3.0194885841547556,15.080077578879525
176.58206584,7.28483166,-39.42531751,-8.00809312999999,-36.21458153,-34.81176783,-0.174068633312463,-3.0144483556692685,14.075443372152385
176.84754221,7.60863339,-38.9857175,-7.41767009,-36.51064969,-34.12532025,-0.161300760349964,-3.0087969493571154,9.420334352499005
177.07300255,7.94184261,-38.412685,-6.8278406,-36.78443267,-33.24955799,-0.151021080484977,-3.0029813513701127,0.9989601413273874
177.25957496,8.27519348,-37.68906453,-6.23311827999999,-37.0490305,-32.14554668,-0.143527099805133,-2.9971632811242253,-5.279755377642914
177.4160868,8.60457718,-36.8077943,-5.63265248000002,-37.31628798,-30.80353192,-0.138861123076226,-2.991414451056824,-10.786981262014272
177.50620899,8.9115028,-35.76402871,-5.02472917,-37.58771837,-29.18729685,-0.136760755799898,-2.9860575884290994,-13.428085044622229
177.56967724,9.2055069,-34.58176766,-4.40568026,-37.88462674,-27.3249338,-0.136700180494211,-2.980926248869737,-16.278026198883744
177.58521812,9.47087486,-33.25785307,-3.76933531,-38.21105046,-25.1585932,-0.138007491720108,-2.976294704238436,-16.692932850004283
177.57662387,9.7131704,-31.82599996,-3.11171801,-38.58170549,-22.71788378,-0.139967365133929,-2.9720658493025383,-15.45549441034133
177.50326157,9.93460346,-30.32752296,-2.44960602,-38.97974809,-20.03765985,-0.141873919469653,-2.9682011133327726,-14.922940350330371
177.40141319,10.13228044,-28.78363502,-1.76508496,-39.42827196,-17.10816678,-0.143053271895449,-2.9647509991763736,-11.828632156838381
177.26696402,10.31282991,-27.22112237,-1.06292613000002,-39.92170739,-13.94944783,-0.142886430456494,-2.9615998164621424,-6.903438671428397
177.10138986,10.48361741,-25.67513318,-0.345170079999974,-40.45660091,-10.5875096,-0.140848688470952,-2.958619012265893,-2.3459476621567887
176.91027411,10.65150257,-24.16860747,0.388284540000001,-41.0294971,-7.04056632,-0.136533897804571,-2.955688863458655,2.948602871546413
176.6988413,10.82151309,-22.71571043,1.13751145999998,-41.63508565,-3.32324835000001,-0.129626123747687,-2.9527216201216278,9.49207087541204
176.47207696,11.00706948,-21.33578913,1.89790059000001,-42.26217913,0.53957059,-0.119835233730819,-2.949483050168013,15.647608037094862
176.2385627,11.21379433,-20.03693447,2.67005768999999,-42.90444042,4.52898614,-0.106852491481586,-2.9458750208898214,20.15413194153215
176.00119484,11.45229058,-18.82370813,3.44734500000001,-43.545133,8.62922589999999,-0.0903513898369607,-2.9417124760736617,22.92363959721655
175.76784013,11.72155024,-17.70339075,4.23575488999998,-44.18645408,12.79901042,-0.0700149271931488,-2.937013008463862,25.342521078171032
175.54594407,12.02885446,-16.6743142,5.03062591999998,-44.81567143,17.01665293,-0.0455816734420604,-2.9316495380195886,26.722753630576968
175.34410549,12.3745081,-15.72721228,5.83314915,-45.42654804,21.257325,-0.0169111072682374,-2.9256167439300853,26.661667106750997
175.16434417,12.75852844,-14.86078896,6.64127327,-46.00985309,25.48961479,0.0159676907798418,-2.918914324602458,25.54637902545842
175.01382609,13.18022606,-14.06511092,7.45266825000002,-46.56068997,29.6785729,0.0528640116579439,-2.9115543126856336,23.300414294831207
174.8942808,13.63457239,-13.33359043,8.26819462999998,-47.0749581,33.78853485,0.093474412752313,-2.903624473282781,20.61090206007865
174.81045948,14.11944556,-12.65941581,9.08597126999999,-47.54806131,37.78358537,0.137418669094344,-2.8951618400116987,17.117314893608793
174.76125719,14.62870811,-12.03825072,9.90366758000002,-47.97651029,41.62459733,0.18422715004899,-2.8862735317570967,13.016878491547423
174.7469243,15.15674005,-11.46510704,10.71984178,-48.35732018,45.27758616,0.23329568744343,-2.877057635848403,9.038833303267602
174.76611893,15.69742505,-10.93560146,11.53260089,-48.687417,48.7116159,0.283861641125629,-2.8676209023822574,5.222437019658521
174.81433204,16.24582324,-10.45206041,12.33837949,-48.9622903,51.89594084,0.335033150276414,-2.8580495483547805,1.3157688165055248
174.88992282,16.79606435,-10.01037435,13.13530082,-49.17882153,54.81183485,0.385856658289442,-2.8484460293054523,-2.421258619365041
174.98690702,17.34244523,-9.61250314,13.91989354,-49.3320809,57.44363683,0.435400148370844,-2.8389098839795075,-5.515757053768944
175.1023105,17.88083086,-9.25906322,14.68973703,-49.41757393,59.78507904,0.482839402147684,-2.8295132820905837,-7.765804109514107
175.23179758,18.40746426,-8.95133356,15.44213024,-49.42967196,61.83757617,0.527528566352527,-2.8203217953096114,-10.065882773586665
175.37444868,18.92110259,-8.68925354,16.17442403,-49.36338565,63.60991203,0.569021962673347,-2.8113571152866665,-12.852526071864823
175.52353754,19.41481003,-8.47165434,16.88477797,-49.21454805,65.12058276,0.607001489042015,-2.802740294917074,-14.286678826196386
175.67773592,19.88773477,-8.29693264,17.57107224,-48.97897925,66.38752871,0.641120423526917,-2.794486201089936,-15.185326168771773
175.84278221,20.34029916,-8.15638634,18.23574874,-48.65563599,67.44445034,0.67088175664449,-2.786587462407156,-16.468448601605346
176.01296538,20.76736144,-8.04876626,18.87619247,-48.24390254,68.30783985,0.695655057834416,-2.7791338195100823,-17.177054023242988
176.19804087,21.17143103,-7.96223166,19.49666387,-47.74600196,69.00675786,0.714808394702781,-2.7720814747573987,-17.52616176154742
176.39608118,21.54857084,-7.89053687,20.09732753,-47.16465595,69.56077556,0.727859391334694,-2.765499143332553,-18.756824833046082
176.61327392,21.90214539,-7.82907897,20.6795353,-46.50336739,69.98075247,0.73456735991727,-2.759328103283796,-20.606393874609275
176.84885914,22.22231155,-7.75763478,21.24825547,-45.76998287,70.29935896,0.734949555171783,-2.7537401496383285,-19.282113087371044
177.11589828,22.51479381,-7.68420765,21.80491933,-44.97057359,70.4955357,0.729252415473334,-2.7486353711976546,-18.544718459723164
177.38800603,22.78557389,-7.60580295,22.33612142,-44.09795337,70.59391371,0.717906775823886,-2.743909367252841,-21.663298947114384
177.69138855,23.02118882,-7.50776432,22.85968692,-43.17237645,70.5967593,0.701477620295348,-2.7397971109574852,-22.6623254109537
178.01426777,23.22471467,-7.39152445,23.36849811,-42.1932188,70.50599794,0.680608842255768,-2.736244914762065,-21.460355552354038
178.35750604,23.39773827,-7.25855869,23.86136022,-41.16523455,70.32024568,0.655967944481594,-2.7332250832584113,-21.75261791691696
178.72826799,23.54089667,-7.09599427,24.34447298,-40.09560301,70.07048268,0.628210003325502,-2.730726497826524,-23.990114310006305
179.09510781,23.6496544,-6.92676077,24.79871625,-38.97680985,69.70591214,0.597963330143265,-2.728828317351029,-24.832282797988547
179.46189855,23.71962544,-6.75537388,25.22798761,-37.81696735,69.24714136,0.565816018486016,-2.727607092321984,-22.572910448053207
179.83009514,23.75929203,-6.57279515,25.6318848,-36.61518682,68.7285185,0.532302262016048,-2.7269147797234456,-21.65763186303682
180.20169419,23.76902096,-6.36928644,26.01093025,-35.37754547,68.1504568,0.497899040232592,-2.7267449778622495,-21.851604265443747
180.5605878,23.74484057,-6.16434379,26.35710353,-34.10017773,67.51237021,0.463027476390511,-2.727167005282166,-20.50153449316472
180.90990985,23.69321601,-5.9524411,26.66933831,-32.78449352,66.83336916,0.428056194460927,-2.728068023829059,-19.34389774288725
181.24081467,23.61292397,-5.74368356,26.9424703,-31.42883977,66.11607833,0.393314046577151,-2.7294693842902027,-16.920305618293163
181.55072164,23.50657869,-5.54242269,27.17300537,-30.03260154,65.36662468,0.35910742286427,-2.7313254595701575,-13.27897633064179
181.84388275,23.38406116,-5.33718356,27.36072328,-28.59524155,64.61434294,0.325727874308006,-2.7334637938600688,-11.136212918692046
182.11288545,23.24385844,-5.14296965,27.50014942,-27.11466591,63.84832028,0.293450026256201,-2.73591079294432,-8.482685882458263
182.35793673,23.09139255,-4.96008971,27.58917681,-25.58989942,63.07773614,0.262531027151804,-2.738571824721804,-4.710620961847489
182.58037115,22.93253598,-4.78586498,27.62630604,-24.02002741,62.31140787,0.233212403291828,-2.7413443949067284,-1.3547490000043183
182.78082403,22.77173407,-4.62495291,27.60916809,-22.40446553,61.54706538,0.205714349494329,-2.744150917679724,2.3053094158465015
182.9602087,22.61345138,-4.47698239,27.53669453,-20.74313164,60.78645089,0.180219934652095,-2.7469134717691372,6.675990853954872
183.12197217,22.46528404,-4.3411917,27.4083489,-19.03565399,60.02319885,0.156860534573559,-2.7494994796960595,8.409116763825608
183.26803195,22.33261739,-4.21934626,27.22302753,-17.28359716,59.2558488,0.135713782573372,-2.7518149495461506,14.270628778398908
183.40075906,22.2070147,-4.10318194,26.98556768,-15.49258204,58.45542002,0.11681700127838,-2.7540071300360123,22.625839302943263
183.53154372,22.13354808,-3.99644493,26.68958026,-13.65384683,57.68332026,0.100185408678948,-2.755289364445324,21.913001457876113
183.65211775,22.07838187,-3.89754412,26.34228095,-11.77975524,56.86077387,0.0858172698824805,-2.7562521964456708,20.8669156814123
183.77062985,22.06003102,-3.80425662,25.94334728,-9.87083879,56.00119815,0.0736930848180404,-2.75657247919871,25.80967939640466
183.88203384,22.06930766,-3.71177898,25.49618703,-7.93450951,55.08543775,0.0637885553093617,-2.756410571287188,33.18920374520751
184.00008365,22.13439253,-3.62465725,25.00331031,-5.97055691,54.13830459,0.0560925898649149,-2.755274626012455,34.327086859002875
184.12500148,22.25039358,-3.54574694,24.47029594,-3.98716107,53.14388227,0.0506115822583882,-2.7532500257541845,30.497958398503222
184.24560187,22.40543376,-3.460226,23.89750869,-1.99192289,52.08490375,0.0473635773005455,-2.7505440641403003,30.849914514154975
184.36381417,22.60621993,-3.37120587,23.29014589,0.0092312100000029,50.97378884,0.0463736440099302,-2.7470396843813307,31.6161541983373
184.48622958,22.85323198,-3.28454542,22.65641001,2.00678638,49.80940301,0.0476681399116934,-2.74272851081673,27.00047391180682
184.61189768,23.1431935,-3.18938455,22.00184554,3.99177055000001,48.60565093,0.0512603122632882,-2.737667727588643,28.961846999946417
184.70133645,23.45573152,-3.08981402,21.31969835,5.9662537,47.36721739,0.0571292900389454,-2.7322129101019788,33.383708473033735
184.84688706,23.84610623,-2.99354933,20.64651602,7.90052697,46.10644365,0.0652052180753419,-2.725399586095961,22.640981779535885
184.95042891,24.24950562,-2.88463158,19.95812403,9.80845463,44.85199864,0.0753707353552715,-2.7183589385399243,16.55839065394904
185.04733808,24.67874223,-2.76965648,19.27360732,11.6709436,43.60560142,0.0874709572549882,-2.7108673464253252,15.724842347140111
185.13119036,25.13815231,-2.64286197,18.59266317,13.4863444,42.40585414,0.101321505981991,-2.702849127912475,11.327963516962747
185.19019076,25.60147494,-2.53581544,17.9232468,15.24222128,41.21865792,0.116719323170345,-2.6947626225199754,13.765490350299281
185.24249395,26.09170345,-2.39555304,17.27000264,16.93438765,40.14122635,0.133457421070548,-2.6862065209333292,11.461854705192565
185.28953158,26.6030781,-2.23004924,16.63666478,18.55527983,39.17157114,0.151336007349231,-2.6772813495795957,6.846839389109682
185.30195906,27.11092618,-2.07827211,16.02056969,20.10137623,38.27847808,0.170169859726776,-2.6684177284836643,3.3026359290033724
185.32093928,27.64391076,-1.88320043,15.43215498,21.5615218,37.54232848,0.189793381142027,-2.659115392700305,1.3806200155119797
185.28262734,28.14907162,-1.71551577,14.86498619,22.93563243,36.89115469,0.210062848226298,-2.650298672441099,10.002342316837165
185.26930115,28.69265379,-1.51576583,14.31985202,24.22274761,36.37932334,0.230863648511464,-2.640811373819463,7.198542432007571
185.24757182,29.24452626,-1.29233169,13.79988975,25.41571833,36.01779211,0.252123030047819,-2.63117938216685,-0.05267403681674665
185.18318068,29.78264143,-1.09559661,13.29706578,26.52041343,35.73714668,0.273811340137214,-2.6217875006954205,5.989390543530426
185.12255736,30.3396791,-0.882989909999999,12.81553567,27.53209484,35.58853944,0.295929536765823,-2.612065359296283,9.546956244386173
185.04896658,30.90694575,-0.675909740000002,12.34914762,28.45545681,35.54079609,0.318501085083938,-2.602164688517025,9.89718273874729
184.96607973,31.48953197,-0.47894075,11.89679867,29.29215796,35.58551392,0.341572630825104,-2.591996640801277,12.049231302326824
184.87474932,32.08795675,-0.29510921,11.45608165,30.04529498,35.7144463,0.365213304834838,-2.5815521580647545,14.304701096059524
184.77218167,32.70842185,-0.139014919999997,11.02427235,30.71926475,35.90723399,0.38950723643328,-2.5707229991760383,15.99268930080111
184.65700668,33.35092765,-0.0161856399999998,10.59566294,31.32078415,36.13948741,0.414541069913831,-2.559509157502878,15.561573776934345
184.53321914,34.01894309,0.0720226299999993,10.17008114,31.8537884,36.41076503,0.440392062664102,-2.5478500886207196,18.25745820879021
184.39351692,34.7030598,0.103420700000001,9.74940172999999,32.32109627,36.67739017,0.46712006775502,-2.5359099995633083,22.663437185692636
184.2517057,35.43407186,0.11476077,9.31317952000001,32.74280731,36.99634949,0.49475974108454,-2.523151432244522,18.609402107125916
184.09892681,36.18504388,0.050190360000002,8.88716836,33.10178785,37.22400067,0.523305899987813,-2.5100444979051693,16.716592533336794
183.90930836,36.95582465,-0.0401962199999986,8.4338501,33.43955474,37.47500704,0.552687992038303,-2.4965918356576116,16.563034975072277
183.73282766,37.76280698,-0.204243630000001,7.97804002000001,33.73564157,37.58596537,0.58273669880762,-2.4825073369936965,14.737774879334253
183.51412917,38.57247664,-0.430214020000001,7.52122283,33.99520608,37.63137926,0.613154653074144,-2.468375935573194,15.440971525637615
183.30568728,39.42501131,-0.71488841,7.04050588999999,34.24494128,37.52671926,0.643508987795991,-2.4534963985942904,10.212755720804267
183.05933631,40.27759888,-1.0675649,6.55697551,34.4715916,37.27122811,0.673256546643167,-2.4386159383362127,7.689664120884565
182.79550592,41.14573042,-1.48964698,6.06042866000001,34.69039921,36.8193475,0.701793060187857,-2.4234641846228038,8.833177666853764
182.51232986,42.02677965,-1.98522509,5.55524396999999,34.90394686,36.14834492,0.728503703800261,-2.408086974687143,5.590462381732664
182.20513925,42.91705991,-2.5615804,5.03689904999999,35.12263373,35.22919392,0.752797428903261,-2.392548652884632,4.174944507830958
181.86349895,43.80799141,-3.22677582,4.50630387000001,35.35167526,34.04399233,0.774119784305562,-2.3769989647999,7.515635595845005
181.49867457,44.71231007,-3.99245058,3.96311591999998,35.59713298,32.57703316,0.7919495238341,-2.3612156266956768,13.01477362446235
181.11031042,45.63226459,-4.86475555,3.40405612999999,35.86933085,30.82498127,0.805794984466742,-2.3451593913530724,7.279108575599658
180.73512519,46.58212939,-5.84728903,2.84455047999998,36.15601422,28.7866658,0.815206753527976,-2.3285811231442755,-1.5421764177192543
180.22844518,47.49824399,-7.04151349,2.25229499,36.48694594,26.44382497,0.819799244096053,-2.312591907048685,9.794253691448596
179.7003676,48.44311269,-8.33288102,1.63408604,36.864295,23.88626154,0.81925895661253,-2.296100837234646,20.34976240673725
179.15761938,49.42034033,-9.81014828,1.00435021000001,37.27285016,21.06336634,0.813341578031945,-2.2790449973751525,18.371220514770137
178.57404918,50.42069154,-11.47308466,0.352991840000016,37.72152985,18.01011631,0.80187505310173,-2.261585575084343,18.502284269610314
177.95185455,51.44769601,-13.33235373,-0.319920089999982,38.20869432,14.74456119,0.784774443690174,-2.243660965650143,20.325722241607558
177.29425434,52.50428067,-15.39588594,-1.01463518999998,38.73149307,11.28263856,0.762061307788152,-2.225220084507079,21.075938057957266
176.60434281,53.5915095,-17.66759559,-1.73103722000002,39.28544147,7.64411852,0.733897180943823,-2.206244361700973,20.759391182183506
175.8857717,54.70862603,-20.15134531,-2.46736622,39.86397065,3.84411755,0.70065266871025,-2.186747000124019,18.823800097762522
175.14695695,55.85426554,-22.84041173,-3.22909208999999,40.46428457,-0.112778070000001,0.66296036002794,-2.1667518186335846,16.046496056314474
174.37965605,57.02082382,-25.7244156,-4.00639246,41.07139121,-4.17997394,0.621688170713502,-2.146391535731183,12.644765568379235
173.6068188,58.20896123,-28.79061348,-4.80570845999998,41.68400126,-8.36553688,0.577872292762941,-2.1256546259605646,7.179410132747144
172.82059909,59.40547078,-32.01743313,-5.62055398999999,42.28733486,-12.63165178,0.532669955456482,-2.104771594781509,1.340864905801098
172.03209669,60.60479191,-35.37570847,-6.45049950000001,42.87473012,-16.95550446,0.487336216030156,-2.08383949227427,-4.142095665979895
171.24675752,61.79780033,-38.83184023,-7.29280982,43.43670769,-21.30890359,0.443188805680357,-2.0630175673412547,-9.905413711499556
170.47111705,62.97689013,-42.34861448,-8.14541571999999,43.96726738,-25.65728508,0.401513579755814,-2.0424385681545734,-16.259387827810556
169.71044291,64.13337604,-45.88311296,-9.00540830999998,44.4603676,-29.96478137,0.363401624068488,-2.0222540812721506,-22.769935431317112
168.9639575,65.25582892,-49.39308354,-9.87033253000001,44.90906417,-34.19306345,0.32958525659992,-2.0026635828176578,-27.851573249570993
168.23796816,66.33848963,-52.82848392,-10.73565055,45.31043208,-38.30435411,0.300363536039148,-1.983767588746178,-33.11477766991588
167.53348059,67.37518995,-56.1627861,-11.60368079,45.66786508,-42.26170411,0.275619247416933,-1.9656737548056993,-38.73271851539073
166.84731761,68.35386952,-59.34037976,-12.46647717,45.97320155,-46.03048556,0.254857312097816,-1.9485925739871972,-43.30984971472773
166.18289843,69.27262885,-62.33568504,-13.32537416,46.23039556,-49.5810029,0.237254948855407,-1.9325571986452799,-47.980226874693166
165.53540885,70.12110225,-65.11735997,-14.17726629,46.43768592,-52.88754838,0.221785595901244,-1.917748544199689,-52.640081444592646
164.90528061,70.8951613,-67.6626133,-15.02079837,46.59546268,-55.92866606,0.207427286828741,-1.9042386651723298,-57.32527470456938
164.28915776,71.58672953,-69.96205763,-15.85589745,46.70270729,-58.69438887,0.193374600314126,-1.8921685225566403,-62.45133115228896
163.68472843,72.18924412,-72.0045797,-16.67943636,46.75664553,-61.17437213,0.179172068431786,-1.8816526591698366,-67.57841734426285
163.08842943,72.69453704,-73.78550716,-17.48978965,46.75530515,-63.36586512,0.16476983281618,-1.8728336340288203,-72.03282920791088
162.49819441,73.09613113,-75.31286939,-18.28572586,46.69465223,-65.27679171,0.150509445333592,-1.8658244949017697,-75.25478380158378
161.91372341,73.38962684,-76.60129642,-19.0643691,46.57139862,-66.91605505,0.13696058086751,-1.8607020284217914,-77.89662934912789
161.33551847,73.57183999,-77.66828258,-19.82438344,46.38266383,-68.30391952,0.124649885651705,-1.8575218090138612,-80.01366311724655
160.76180186,73.63840183,-78.53645325,-20.563458,46.12503688,-69.45930491,0.113899186121251,-1.8563600857496754,-80.98607156467263
160.19442305,73.58910433,-79.22725159,-21.28089505,45.79617535,-70.4056876,0.104831005678407,-1.8572204894376774,-80.80660110301618
159.63367451,73.42316081,-79.76212954,-21.97374603,45.3943271,-71.16299263,0.0974241533672551,-1.8601167502340266,-78.74851932103688
159.08200771,73.14338095,-80.15807153,-22.64222834,44.9198644,-71.75256486,0.0915599952697983,-1.8649998299717951,-76.84562698016428
158.54590785,72.75672401,-80.42935497,-23.28665992,44.37487421,-72.1875603,0.0870595822823543,-1.8717482666504814,-75.57931032269316
158.01782092,72.25736456,-80.59063788,-23.90632067,43.75974807,-72.49627922,0.0837122687794627,-1.8804637332039293,-71.62472934089337
157.50729036,71.65724966,-80.64619783,-24.4986318,43.07529904,-72.67666814,0.0812967572125995,-1.8909377140992056,-67.40190172503935
157.01716172,70.9609687,-80.60620008,-25.068851,42.3289037,-72.74960425,0.0795956696424647,-1.9030901093701529,-63.79782649026166
156.547738,70.17159086,-80.47507865,-25.6153751,41.52148424,-72.72286872,0.0784048051518886,-1.9168673517204338,-60.40584541152194
156.10586632,69.29903822,-80.26591836,-26.14027973,40.65856177,-72.61877007,0.0775382179322095,-1.9320962681854026,-57.33679736829256
155.68613426,68.33983206,-79.96165302,-26.63529738,39.73584722,-72.40288169,0.0768301684967769,-1.948837573882814,-53.80765086363759
155.29887528,67.30859209,-79.59657025,-27.10912974,38.76362333,-72.14086138,0.076134880939794,-1.9668361067374815,-51.694008270255495
154.93866354,66.19977813,-79.15568756,-27.55312276,37.73927547,-71.79158027,0.0753248998947933,-1.9861885611315582,-49.71871792668336
154.61075425,65.02196111,-78.65322364,-27.96841983,36.66546163,-71.38278036,0.0742886955283695,-2.006745346116586,-47.83295773774343
154.31048759,63.77485693,-78.10075078,-28.35455384,35.54362336,-70.92573088,0.072928023463009,-2.0285114201729706,-45.20316892465681
154.03533032,62.46126747,-77.52458616,-28.71005016,34.3747126,-70.4452457,0.0711554155175807,-2.051437881269465,-41.609829210109694
153.80019662,61.09094065,-76.89896686,-29.02828138,33.15881128,-69.9151144,0.068892060349443,-2.0753545961068487,-40.57168119108834
153.59794006,59.66216707,-76.24663939,-29.30909901,31.89656261,-69.35507537,0.0660662320750749,-2.1002913993433547,-37.75451906551819
153.42553099,58.17456576,-75.57536496,-29.55018597,30.58774493,-68.7663772,0.0626123397932824,-2.1262549401598356,-33.4130265138155
153.30151837,56.64674921,-74.89130947,-29.74822462,29.23233572,-68.17092714,0.0584706007879663,-2.1529203693237964,-32.581897233350254
153.20978742,55.06674833,-74.19941471,-29.90276976,27.83063067,-67.5525288,0.0535872838592216,-2.180496586864204,-30.764508572529436
153.15889875,53.44465083,-73.50217887,-30.01126693,26.38308352,-66.91961891,0.0479154255849946,-2.208807529027573,-26.56051654995384
153.15306093,51.78266325,-72.76906025,-30.07500567,24.89302574,-66.24120609,0.0414158812492147,-2.2378146844258255,-22.75798516193195
153.18485972,50.0903719,-72.10310762,-30.08464034,23.35048826,-65.60568555,0.0340585247024478,-2.267350740386345,-19.408028120926346
153.26620574,48.36818452,-71.39728124,-30.04685611,21.76662072,-64.91979536,0.0258233861099942,-2.29740858050364,-15.337620108630823
153.39884475,46.62489316,-70.68078531,-29.95740349,20.13834695,-64.20521636,0.0167015376048127,-2.32783475455721,-10.73151644371162
153.58408997,44.8658277,-69.94837492,-29.81605358,18.46676869,-63.45665399,0.0066955707492952,-2.358536238592318,-6.345575591959474
153.82502347,43.09792736,-69.1930562,-29.62261103,16.75334362,-62.66666682,-0.0041804666503081,-2.3893919203724456,-2.863598355662411
154.12352161,41.32711341,-68.40681113,-29.37687019,14.99917179,-61.82812007,-0.0159017729044221,-2.4202984542401915,-0.272678025026174
154.48207773,39.55455435,-67.56340158,-29.08020112,13.20809602,-60.9241828,-0.0284341810791191,-2.4512354460232477,4.717302082228869
154.88623234,37.78683679,-66.71578478,-28.7323239,11.3779868,-59.9608541,-0.0417362236376183,-2.482087937690568,8.663488030333788
155.36392919,36.03820949,-65.78237447,-28.33294096,9.51297563,-58.93680389,-0.0557618009430899,-2.512607241465827,10.255369679823545
155.88614319,34.2961983,-64.80812197,-27.88717404,7.61778445,-57.81303744,-0.070463112107765,-2.5430110723379107,15.12594308628934
156.47298612,32.58062357,-63.75914275,-27.39257688,5.69184553,-56.62005429,-0.0857929395154463,-2.5729534999404238,18.154064903894707
157.11870354,30.89222508,-62.63116975,-26.84717167,3.73540607,-55.35545276,-0.101705277901609,-2.6024216126766246,17.58339634370998
157.81088113,29.22705278,-61.44943846,-26.26307625,1.75916378,-54.00476149,-0.118154028376965,-2.631484351924631,21.43846039688757
158.54676078,27.5889973,-60.20687141,-25.64561589,-0.229547689999997,-52.56076214,-0.135090016456149,-2.6600738133809676,26.01778547510314
159.33642766,25.99631532,-58.89665054,-24.98210978,-2.23881343,-51.06322893,-0.15245650834312,-2.6878713578691498,26.572367335582214
160.15971414,24.43484045,-57.53149897,-24.28858735,-4.25306261000001,-49.50445154,-0.170183311402881,-2.7151242355378002,24.449334870815242
161.01762363,22.91782631,-56.12762272,-23.56460042,-6.27055802,-47.90597596,-0.188179670585456,-2.74160112708011,32.95584973354693
161.88094927,21.42076797,-54.69353078,-22.80602138,-8.29113043,-46.29535927,-0.206326555154113,-2.7677297242075514,42.754388208310345
162.80764061,20.02816041,-53.26427812,-22.0486313,-10.28301298,-44.66883922,-0.224470046554218,-2.792035311317716,34.49600331467906
163.71280569,18.65166009,-51.82839228,-21.27218249,-12.25705696,-43.0379844,-0.242418507579751,-2.8160597740564715,35.195093201227934
164.63047034,17.33614205,-50.42500162,-20.48225747,-14.20716544,-41.45550982,-0.259944754619903,-2.8390198952238537,43.08504956174186
165.55349372,16.08420524,-49.06939955,-19.68606611,-16.12301218,-39.93030087,-0.276791845956436,-2.8608703145852687,43.78235921246976
166.45562896,14.89098284,-47.77516663,-18.89411876,-17.99171501,-38.47612215,-0.292680821493467,-2.8816959741738173,46.027196460398656
167.34152483,13.76760483,-46.56463533,-18.108748,-19.80820387,-37.13320912,-0.307319992071173,-2.901302619192819,45.840343256000615
168.2001801,12.70954004,-45.44327377,-17.3307262,-21.56475648,-35.88086334,-0.320415805618445,-2.919769333477741,48.07156693575898
169.01619745,11.71365024,-44.41906073,-16.56481135,-23.25323744,-34.72117466,-0.331685096023754,-2.9371508894747693,54.68559860128064
169.80923409,10.80352703,-43.50600361,-15.8127995,-24.86944779,-33.70727982,-0.340868373487611,-2.953035536088089,55.5192411558636
170.56168829,9.97302105,-42.70153149,-15.07881713,-26.40445939,-32.83041589,-0.347743616953413,-2.9675305998965915,54.839035731815144
171.26438448,9.21561584,-42.0046884,-14.35882351,-27.8560262,-32.0484206,-0.352139102174703,-2.9807498145828504,59.74704645075324
171.92505622,8.54659639,-41.4099386,-13.65840817,-29.21609596,-31.3958516,-0.353943079670059,-2.992426406745232,64.19908292129239
172.54829185,7.97003001,-40.9084537,-12.97498788,-30.48321772,-30.85394577,-0.353110205863092,-3.0024893884325365,64.0576449293606
173.13273421,7.48800538,-40.49121211,-12.30893782,-31.65408287,-30.41950198,-0.34966742345884,-3.0109023053017436,64.91346363740824
173.67160276,7.09146745,-40.13955311,-11.656257,-32.72939756,-30.03706974,-0.343721031059507,-3.0178231977892866,68.13542172174446
174.18461054,6.80134112,-39.84518616,-11.01985849,-33.70683183,-29.7390238,-0.335463924704519,-3.0228868574945142,67.70670253494426
174.65888214,6.6032921,-39.58250151,-10.39572522,-34.58910067,-29.46544128,-0.325180924077868,-3.0263434649738623,67.53034399534563
175.11024039,6.50260769,-39.33047692,-9.77919421999999,-35.38203276,-29.19717155,-0.313250123684303,-3.0281007394337904,67.93924845915456
175.5278653,6.50203712,-39.06969767,-9.17711918999998,-36.08222766,-28.91432441,-0.3001383371822,-3.0281106977589034,64.31048728743782
175.91618146,6.59313748,-38.77313565,-8.58491519,-36.69820599,-28.58077021,-0.286388910131325,-3.026520696527151,58.24415739448696
176.2707132,6.76925409,-38.43768149,-8.00117861000001,-37.23839931,-28.1957565,-0.272600444298766,-3.0234468818152007,53.53212620661019
176.60604565,7.01738171,-37.99085894,-7.41131834999999,-37.71992139,-27.64539575,-0.259395292675551,-3.019116237881063,51.526063962987756
176.91416114,7.34318755,-37.43098821,-6.82975905000001,-38.13993507,-26.93992823,-0.247377043387907,-3.013429853250837,44.39996840288174
177.19085141,7.73684854,-36.73920406,-6.25630049,-38.50836829,-26.05230866,-0.237076616107307,-3.0065591728386765,34.24198984065985
177.4407332,8.17151409,-35.87004933,-5.67232514999998,-38.85020029,-24.89848561,-0.228887058188544,-2.998972827846185,28.82573400757149
177.6578345,8.65250752,-34.83451453,-5.09292447999999,-39.16474871,-23.49418213,-0.222987669058418,-2.9905779088122237,21.910325868126357
177.84247683,9.16499992,-33.6276396,-4.51189660999998,-39.46776901,-21.81055451,-0.219258725866127,-2.981633229040776,15.048047296453149
177.99448866,9.69370342,-32.26883296,-3.92839720999999,-39.77544051,-19.86613888,-0.217234500606468,-2.9724056121989584,13.149727718220205
178.10741718,10.24470471,-30.78316467,-3.34844877,-40.0858848,-17.64814908,-0.216168215657831,-2.9627888255057218,7.725649319394456
178.18088063,10.81024171,-29.2152326,-2.77366433,-40.41037118,-15.19243999,-0.215107558307782,-2.952918342813871,-1.3505235578925578
178.21856524,11.36867421,-27.58681982,-2.19443977,-40.76684528,-12.51918865,-0.21281861355619,-2.943171857038728,-1.6869322805446174
178.22644689,11.91904207,-25.93621169,-1.61039697999999,-41.161031,-9.63506097,-0.207719605015532,-2.933566125784573,0.8126776596117935
178.18871901,12.4829783,-24.30692432,-1.03787321999999,-41.57336686,-6.58571266000001,-0.198100906305089,-2.9237235817997886,-1.6798183185207094
178.11948777,13.03249873,-22.73796938,-0.458925379999982,-42.03072072,-3.38893824,-0.182566004314354,-2.9141326409893136,2.403241585504645
178.01760743,13.58765774,-21.23104673,0.118506959999991,-42.51210015,-0.0468847700000019,-0.160366672816677,-2.9044432883927014,2.436460437156285
177.88714821,14.15972495,-19.81000457,0.689584279999991,-43.0071966,3.42885803,-0.131411991978825,-2.894458832035504,1.0702673132501062
177.72925213,14.70629707,-18.49967853,1.28140793,-43.54510443,6.99917407,-0.0960152093504904,-2.8849193489418985,4.906309022922883
177.55052651,15.29308335,-17.29147736,1.85916659,-44.06914476,10.67999889,-0.0546054180046133,-2.874677996350369,2.949904887175059
177.36055824,15.85304748,-16.19734304,2.46842630999998,-44.62645954,14.44201448,-0.0075876349864766,-2.8649047785888033,8.245303650893376
177.15619046,16.44334346,-15.20804584,3.07453782000002,-45.16431816,18.2704771,0.0446235013809103,-2.8546021701765167,10.546223563672186
176.94882221,17.04704,-14.32459481,3.68917573000002,-45.68596526,22.17329135,0.101512183712021,-2.844065677870619,5.439725275548923
176.74894338,17.65402898,-13.53728078,4.32481410000003,-46.19848627,26.10072608,0.162427388015164,-2.8334717216462972,6.0916616017170355
176.56845895,18.27219985,-12.83356936,4.98024309000002,-46.69046374,30.04233004,0.226617960091501,-2.8226826046248794,6.896473062383279
176.41155119,18.89961715,-12.20558568,5.65590433,-47.15542921,33.97234744,0.293278006363816,-2.811732106955906,6.135989474049808
176.28011041,19.53687358,-11.64685731,6.3484019,-47.58600477,37.85475439,0.361558197369082,-2.8006098840729017,5.865203385941875
176.19483245,20.18036195,-11.15620255,7.06743944999999,-47.98652451,41.66282105,0.430555328584,-2.78937889331811,4.775170218911384
176.11694,20.83515245,-10.70828306,7.78683892999999,-48.33060869,45.34587941,0.499312315429745,-2.7779506431823298,2.2405542099335207
176.07672051,21.48846646,-10.32064905,8.52444559,-48.63429936,48.87909477,0.566833799908839,-2.7665481626584225,1.4873538805781905
176.07064244,22.14626875,-9.9856345,9.27131692,-48.8894682,52.22058671,0.632122413206786,-2.7550673468707645,1.006513926338215
176.09499769,22.80509288,-9.70002744,10.02320158,-49.0928711,55.3384915,0.69425281424995,-2.7435686966106774,-1.1340329174602815
176.14647876,23.46315195,-9.4638236,10.77644329,-49.24118207,58.20510594,0.752472869178271,-2.7320833991665654,-3.2897623804384324
176.21907302,24.11522177,-9.27918295,11.5269645,-49.33101384,60.79889935,0.806286335290215,-2.7207026338546783,-4.889471831628356
176.31306404,24.7611862,-9.1418581,12.27211462,-49.36004701,63.1061666,0.855443010061773,-2.70942842770041,-7.125256056719209
176.42719505,25.39733605,-9.0455116,13.01099673,-49.32562987,65.12570994,0.899784886698196,-2.698325518281842,-10.209877672866519
176.55654852,26.01839574,-8.98767277,13.7412826,-49.22497364,66.86258383,0.939036591188507,-2.687485981839927,-12.837535438925407
176.70167387,26.62095204,-8.95814988,14.463677,-49.05593239,68.33320758,0.972717012525665,-2.6769693904762923,-15.49575566550665
176.86780465,27.20205162,-8.94562235,15.18110337,-48.81777743,69.56521358,1.00023033407252,-2.666827289523336,-19.00288309632625
177.0478455,27.75578389,-8.94803841,15.89055194,-48.50957096,70.58244845,1.0210471542123,-2.6571628382372934,-22.69804881009918
177.24319151,28.276829,-8.95116772,16.59493164,-48.1303866,71.41962521,1.03485710230603,-2.648068885516378,-24.411117396181403
177.444469,28.7605655,-8.95334622,17.28989472,-47.67897041,72.10400039,1.04162431463667,-2.6396260908793043,-25.997799709824854
177.69112202,29.21174098,-8.93248235,17.99352722,-47.16802658,72.6830926,1.0415639610069,-2.631751593249038,-28.418967572099163
177.94490031,29.61639069,-8.89494084,18.69194399,-46.59051647,73.16708173,1.03509208697709,-2.6246891234922978,-30.53018415782205
178.2268889,29.98382427,-8.8316581,19.39138428,-45.95366186,73.58859568,1.02275875999338,-2.6182761977389077,-33.1899751807363
178.52065147,30.29729081,-8.73654086,20.08848883,-45.26014552,73.94727729,1.0051700605666,-2.6128051745210734,-32.802714544981626
178.82898253,30.56574301,-8.60317052,20.78239244,-44.51195004,74.2778671,0.982936055161724,-2.6081197997468513,-31.003287067492558
179.20974835,30.79024522,-8.42672537,21.50345031,-43.73910513,74.58711727,0.956653964441495,-2.604201497004347,-31.359154465993022
179.55037429,30.970026,-8.22148583,22.18177651,-42.89333209,74.82006738,0.926891251104325,-2.601063730461544,-31.439682212344167
179.96533606,31.10352491,-7.96437006,22.89598996,-42.03580591,75.08580919,0.894159703326769,-2.5987337349342203,-30.065066129458806
180.34798265,31.19417288,-7.68257914,23.56679883,-41.11864409,75.25657962,0.858908882269509,-2.5971516293974712,-27.666517734310503
180.77596667,31.24454446,-7.35931403,24.24948284,-40.18237897,75.42931283,0.821538860359008,-2.5962724794770393,-26.530758686216238
181.23411328,31.25980229,-6.98851434,24.93158625,-39.22197123,75.60223757,0.782410240834998,-2.5960061801068295,-26.33587173128671
181.68199258,31.23355396,-6.61500721,25.58575912,-38.22601616,75.69159937,0.741854252278293,-2.59646429988848,-23.723731687597116
182.137454,31.17453827,-6.22596712,26.22324136,-37.20248475,75.74962438,0.700189441302701,-2.5974943179893164,-20.34500114852733
182.60265863,31.08663649,-5.80902268,26.84417317,-36.15390786,75.78340132,0.657741447579179,-2.5990284934686803,-17.850590544212785
183.0702095,30.97270598,-5.38166143,27.44169992,-35.0788128,75.77794099,0.614864375792039,-2.601016955986656,-15.799359179564654
183.53841715,30.83744267,-4.94533603,28.01303802,-33.9768433,75.73995179,0.571951784242416,-2.603377746103302,-14.794360199021916
184.00034071,30.68035003,-4.51301557,28.55458824,-32.84614614,75.65250214,0.529430820708019,-2.606119529901952,-13.641865188720459
184.44932867,30.50348341,-4.08251608,29.06175556,-31.68500071,75.53505746,0.487750948960289,-2.6092064347578257,-11.315409363654716
184.88183743,30.30983195,-3.64916128,29.53312648,-30.49208664,75.41000988,0.447365078756291,-2.6125862903361203,-8.362135991011321
185.30430069,30.10469163,-3.23614163,29.96748001,-29.2674443,75.22041804,0.408693092265948,-2.616166664348715,-6.624138867206142
185.71530647,29.89140236,-2.81572138,30.36464821,-28.01018741,75.04083759,0.372079990856422,-2.6198892643693896,-5.692532727055166
186.10772673,29.66794633,-2.42546496,30.71857033,-26.71681288,74.79351408,0.337768778425165,-2.623789307826325,-3.4040430492066065
186.48084372,29.44035696,-2.03944797,31.03068422,-25.38678025,74.5446331,0.305891791382583,-2.6277614916753644,-1.9633662541318486
186.83780056,29.2116973,-1.65905767,31.30208567,-24.01897381,74.28844259,0.276478282542897,-2.6317523556088553,-0.5516078194345297
187.17137213,28.9780623,-1.31373631,31.52381181,-22.61021151,73.95610473,0.249477782163986,-2.6358300556067524,3.1894391097075925
187.49393262,28.75228779,-0.96571557,31.70475912,-21.16169499,73.63032791,0.224789888270775,-2.6397705641733293,4.128057982808464
187.80139159,28.53404178,-0.623687490000002,31.84347491,-19.67158032,73.29221686,0.202290431833002,-2.6435796756271697,4.566214164869464
188.08279673,28.31653031,-0.31124316,31.92929644,-18.1367305,72.87085994,0.181850359352399,-2.6473759669395225,7.725841305621373
188.35790226,28.11618374,0.0052314699999982,31.97539244,-16.55990177,72.44501254,0.163343347683116,-2.6508726742311,9.94264332977668
188.61338011,27.92503864,0.308304400000001,31.97442684,-14.93885791,71.96076834,0.146645088146682,-2.6542087855751535,13.504193617319693
188.86430957,27.75529285,0.614368769999999,31.9328434,-13.27500805,71.44715623,0.131631314582777,-2.6571714085020526,13.986934235128423
189.11308628,27.6109203,0.922634650000003,31.85321567,-11.568978,70.90201505,0.118175556300758,-2.6596911848490525,14.029260214818429
189.33058695,27.47454119,1.21078764,31.7189728,-9.81656065,70.24567607,0.10615306869196,-2.6620714493494924,18.864412164134592
189.56788384,27.3771837,1.51853277,31.55962832,-8.02828579,69.58533288,0.0954566823606832,-2.6637706581014697,19.533754658920266
189.78528034,27.30187465,1.81168878,31.35087713,-6.19586885,68.8234034,0.0860111311934973,-2.6650850489805187,19.718377332518244
189.99782558,27.25536727,2.10776099,31.10487081,-4.32563044,67.9931133,0.0777743798541702,-2.665896755887995,22.59514594272094
190.20677518,27.24218609,2.40281024,30.8217502,-2.41894657000001,67.08606659,0.0707356303219762,-2.666126810878293,23.998556467605958
190.41234854,27.26301149,2.698017,30.50418956,-0.479323770000001,66.0999565,0.0649155389864346,-2.665763339080248,25.032894432865938
190.61506166,27.31999913,2.99379503,30.15441735,1.48968255,65.03416052,0.0603580086301313,-2.664768717129307,25.745325616233217
190.81636303,27.41408363,3.28675913,29.77574204,3.48363838,63.88202127,0.0571107520531667,-2.6631266328292145,22.192580514763804
191.01464751,27.54532202,3.58075155,29.37212809,5.49715852,62.65200406,0.0552082915547133,-2.6608360908186977,25.559807588710903
191.18307738,27.69230989,3.87498305,28.94225405,7.52626697,61.3365938,0.05466805217944,-2.6582706685267046,32.236730448502726
191.40158858,27.91709182,4.16015671,28.50520286,9.56112333,59.95335666,0.0554933332679536,-2.654347483749217,24.040796926168007
191.5891775,28.15523901,4.44687544,28.05074563,11.59996642,58.49783192,0.0576737223696404,-2.6501910311793444,19.075417234706293
191.77160708,28.42660524,4.72700541,27.58833917,13.63529407,56.97664184,0.0611844359891347,-2.64545479698712,20.925981113943948
191.94635084,28.72746222,5.00547036,27.12348653,15.66024522,55.41034817,0.0659858417989906,-2.6402038521085136,19.34354518637882
192.11215535,29.0560157,5.27934628,26.66038144,17.66840774,53.8089134,0.0720200453610251,-2.634469512113628,17.870913158035684
192.26739073,29.41051578,5.54882335,26.20345529,19.65343023,52.19209681,0.0792111776256622,-2.628282318519045,13.505357751930624
192.41081734,29.78781895,5.8143458,25.7533443,21.60810207,50.5715562,0.087476842323621,-2.621697135924333,9.213397644396437
192.52622673,30.17094934,6.06419523,25.32387004,23.5247173,48.97308062,0.0967415076396164,-2.615010249154383,11.117057930154495
192.62330164,30.57241108,6.31709772,24.91179899,25.39480598,47.43692932,0.106942112685883,-2.608003419970598,15.820046567189827
192.70997215,30.99507895,6.56304674,24.51992446,27.21209557,45.96625253,0.118029904642739,-2.600626473996706,9.951968623962415
192.7983871,31.4476454,6.81723921,24.151543,28.96845791,44.5998689,0.129971562855912,-2.592727699360144,3.375438848087775
192.81462662,31.87622914,7.03465094,23.80416862,30.65797698,43.32014947,0.142747120645187,-2.5852475019766326,7.161375645590162
192.8439015,32.34221956,7.25971872,23.48007097,32.27467954,42.16488648,0.156348190256322,-2.5771144348648813,9.766251628926526
192.82007835,32.79841099,7.46818502,23.17867367,33.81257894,41.15458881,0.170778990220609,-2.569152392392,8.392586750480824
192.80857811,33.29275022,7.67862936,22.89666894,35.26876597,40.28437357,0.186053118857907,-2.560524545206726,3.0404019542062954
192.73101613,33.76867882,7.85543456,22.63315341,36.63861394,39.53352252,0.202186048461072,-2.5522180241323196,5.3511079281154394
192.63589516,34.2607011,8.01308402,22.38600058,37.91731385,38.9148029,0.219193980957535,-2.54363061535315,10.647681298427969
192.52370688,34.76960624,8.1587175,22.15550421,39.10019882,38.44965109,0.237097946123307,-2.5347485450798275,10.041769304645065
192.38503889,35.2896587,8.27314976,21.93852755,40.18491534,38.10222662,0.255922875803679,-2.5256719173697313,12.898007606851891
192.23440511,35.82806876,8.35922005,21.73488701,41.16806185,37.87181368,0.275695145344102,-2.516274889096871,16.74379348972188
192.07915882,36.39251644,8.41552052,21.54302578,42.04823552,37.75759412,0.296447504219029,-2.5064234186256273,19.47331216158421
191.9197004,36.98246615,8.43960023,21.35743907,42.83066017,37.75240412,0.31822875843646,-2.496126853764942,23.543725409869154
191.76353768,37.60694804,8.42491579,21.17627945,43.51709342,37.84441385,0.341110721094868,-2.485227588665365,24.591196977756802
191.61128535,38.27175915,8.36283256,20.98688867,44.12012942,38.00370009,0.365188699794044,-2.4736244458920265,21.972747568819173
191.44911918,38.96227682,8.25529633,20.79681882,44.64060562,38.23581075,0.390573345560342,-2.461572639007327,25.49806133044008
191.28382472,39.68694672,8.08675065,20.59592337,45.09107025,38.4852793,0.417370472118392,-2.448924763262229,32.7587968250187
191.14133204,40.46369873,7.88130298,20.39212566,45.47309897,38.77355674,0.445649998723225,-2.435367883216245,32.37865364195347
191.0145803,41.28982837,7.60556636,20.17026151,45.80428025,39.00429949,0.475414146005611,-2.4209492009499294,26.315617185304063
190.87442768,42.15063666,7.25737521,19.93385349,46.09017122,39.19224095,0.50657531043992,-2.4059252620609675,27.34071363218682
190.71428282,43.0434874,6.82808333,19.68107219,46.34002883,39.29984015,0.538946007316502,-2.3903420769190995,32.71904520597335
190.57699908,43.99422534,6.32270018,19.40642346,46.56397199,39.24874445,0.572236601350474,-2.3737485695424714,31.820040070904554
190.43379684,44.98461275,5.73091197,19.11032777,46.76989758,39.02193251,0.606052848836401,-2.3564630483676723,28.59284774415105
190.29021264,46.02012942,5.04582765999999,18.78801403,46.96837194,38.56362185,0.639891306914289,-2.338389873016885,24.433995172024048
190.12978144,47.08956305,4.25743655,18.43699758,47.16806008,37.83499311,0.67313681105091,-2.31972473504183,25.7051359195426
189.94306861,48.18602998,3.36979739,18.05326608,47.38043903,36.80948131,0.705058025214659,-2.300587776974096,23.988238081069646
189.78172818,49.34179293,2.3647318,17.63989662,47.60539848,35.42008386,0.734805638256647,-2.2804159081240334,15.351905628571139
189.53103204,50.48937302,1.21621206,17.19222589,47.8585805,33.68494851,0.761436799545014,-2.2603868571232,19.968626131325884
189.28522515,51.68198275,-0.0531095700000037,16.71456814,48.1404878,31.58705384,0.783970324837442,-2.2395718906433797,17.807107411234036
189.02495145,52.90712786,-1.47369491,16.20380796,48.45913744,29.1164326,0.801448943554738,-2.2181890746591715,8.580886832825207
188.68208986,54.12419978,-3.0560539,15.66937699,48.81430217,26.34059688,0.812991891726515,-2.1969471624216026,12.920611365991874
188.3204141,55.37404756,-4.80959318,15.10275776,49.21553008,23.24786463,0.817841889789364,-2.1751332035118605,14.308690918714007
187.91677761,56.64044646,-6.73630242,14.50530362,49.66373586,19.88222156,0.815416765992564,-2.1530303730632263,10.860868030562187
187.46980947,57.92295002,-8.86089639,13.87969383,50.15732566,16.25991093,0.805363433546229,-2.130646463272678,11.660637235033633
186.96874095,59.21892133,-11.18031645,13.212953,50.70501973,12.41137247,0.787601194955056,-2.108027496901794,10.781706877018848
186.44322306,60.53866301,-13.71190051,12.52570441,51.28638016,8.3652204,0.762352146290448,-2.0849936593099923,5.548815335116863
185.85726286,61.85917083,-16.45699518,11.81541019,51.89616722,4.15386576,0.730157913641718,-2.0619464500526594,3.4208924577949773
185.22807288,63.18616837,-19.41531652,11.08232851,52.52752777,-0.207126149999997,0.691864195064311,-2.038785973813795,3.6145088130457026
184.56249694,64.5190206,-22.58506738,10.31084467,53.18453582,-4.71922307000001,0.648562402972572,-2.0155233139577455,-0.6534547626069198
183.86757479,65.85438334,-25.96014296,9.52627501999999,53.83847949,-9.32362168,0.601515018469451,-1.9922168374362927,-7.231176598365696
183.13175463,67.17512635,-29.52184309,8.71419483,54.48858516,-14.0255914,0.552103838984149,-1.9691655233390923,-12.594475651304116
182.37065889,68.48116672,-33.25909782,7.87425682999998,55.13103768,-18.79380688,0.501790796009317,-1.9463708187186273,-19.684423697257092
181.57778923,69.75907107,-37.1376897,7.02704754000001,55.73726156,-23.57622965,0.452044671792635,-1.9240671802855696,-19.504672237586895
180.75927251,70.99516666,-41.13077257,6.14712456999999,56.31482681,-28.37637766,0.404228347125108,-1.9024932423706875,-14.594010363513377
