knee_moment,thigh,shank,foot,thigh_,shank_,foot_,shank_new,shank_new_second derivative
3.98078693203516,191.53314801,156.08133959,37.61407815,33.40965175,19.66144219,16.95675953,-0.4174593768209168,-63.28887451774072
4.23718109528568,190.89296294,153.95515708,37.06363361,32.36995223,17.30312769,15.87786388,-0.45456826211873425,-51.05422990766435
4.49608873916432,190.13021834,151.6476653,36.58797649,31.2519674,14.78019258,14.83608184,-0.4948415911424387,-26.345587979220753
4.75505514744741,189.41437295,149.41027287,36.07654317,30.09688152,12.20947693,13.79124451,-0.5338914557051355,-42.745935578743044
5.01076386142948,188.61204378,147.06304191,35.64112947,28.8805938,9.52128473999997,12.83174619,-0.5748583642618826,-41.2985479926979
5.25918212446189,187.73003214,144.62047249,35.32697595,27.62146447,6.76564950999997,11.97929922,-0.6174892428494111,-13.357390483275111
5.4957098457073,186.88999933,142.24179527,35.07809547,26.31601556,3.92657825999999,11.26901383,-0.6590049921805964,-19.270841751060175
5.71534442668495,185.95188991,139.7541399,35.01918589,24.98725962,1.07540372000003,10.70148336,-0.7024227690420142,-8.07820757363853
5.91288118983242,185.03319907,137.31013484,35.07790557,23.6070526,-1.87587970000001,10.35174795,-0.7450787042744161,-6.373469444050883
6.08314282592714,184.08169908,134.84152259,35.33933982,22.20419687,-4.8418475,10.19562992,-0.7881641159919811,-7.931407930253798
6.22121913910189,183.08497896,132.34195712,35.81188374,20.7647851,-7.85963752999999,10.28011885,-0.831789763312641,9.278355308502917
6.32269968193498,182.09951959,129.88346166,36.47884799,19.33078801,-10.80238282,10.45832967,-0.8746986037349734,13.438031676039586
6.38388433521854,181.08426707,127.42694046,37.34292343,17.84056633,-13.86259859,11.01986578,-0.9175729868200155,21.564120612371873
6.40196002713852,180.0601178,125.00239498,38.38900309,16.34890839,-16.86662463,11.71385003,-0.9598892883103618,32.17783954887814
6.37513517389265,179.04454332,122.63547711,39.62360434,14.84170187,-19.86165283,12.64575052,-1.001199798266153,37.153230448918514
6.30272672071495,178.01093044,120.30569374,40.99627774,13.31543192,-22.84859121,13.76325406,-1.0418621889308624,46.431343156656446
6.18519765090048,176.9912098,118.05688609,42.52697225,11.76762825,-25.8476852,15.14750456,-1.0811112866673984,56.61134602871209
6.02414541210552,175.96896472,115.8750245,44.14402742,10.25215338,-28.67721065,16.46129847,-1.1191919552356973,68.0965637112818
5.82224478081414,174.97035043,113.80265419,45.87351841,8.70540446999999,-31.55161033,18.1040595,-1.1553616404657727,73.54920965928935
5.58315172476858,173.99036403,111.83451983,47.65623954,7.20610904,-34.21743273,19.62853501,-1.189712065169404,75.00756314902101
5.3113737964339,173.02164961,109.96982822,49.45041397,5.66980758,-36.93489076,21.38661729,-1.222257073298218,83.32870833723138
5.01210946489714,172.07184868,108.22377684,51.24694153,4.16651224999998,-39.49410332,23.09765595,-1.2527314187882086,89.91860908050819
4.69106066762165,171.15697962,106.61444058,53.0337433,2.7029594,-41.87472649,24.70612305,-1.2808196352969403,88.90747352231942
4.35422750513194,170.26001734,105.12822953,54.77785093,1.22144348999998,-44.25474683,26.47421506,-1.3067589114989624,93.07768993320752
4.0076956881215,169.39167129,103.76845524,56.51318085,-0.230246340000008,-46.50118144,28.22807419,-1.3304914499434306,91.51914232710334
3.65742677144571,168.55079864,102.5659781,58.0668249,-1.63583059999999,-48.53737226,29.73307676,-1.3514786352163954,92.32879184045694
3.30906011788355,167.71332649,101.44683596,59.61798619,-3.05173253000001,-50.5632551,31.35953729,-1.3710113503572106,97.7496919946974
2.96773407697974,166.94972021,100.53273168,60.99100173,-4.41592606999998,-52.37631772,32.73756144,-1.3869654797497828,76.87168649122444
2.63793215337284,166.16773925,99.68528116,62.29247745,-5.77048983999998,-54.11608396,34.1073759,-1.4017562815715208,76.09241094284069
2.32335810547029,165.38773878,98.93992758,63.46616384,-7.10387091999999,-55.74629328,35.42905672,-1.4147651556340477,97.90112374191916
2.02684209488941,164.66459748,98.35970376,64.49005492,-8.40419775999999,-57.23159334,36.56636331,-1.424891971691547,104.94941950527581
1.75027832345896,163.97081739,97.9080556,65.36590307,-9.67713685999999,-58.59302175,37.57051738,-1.4327747191441207,88.60900302160468
1.49459314277218,163.34772067,97.63544224,66.0585713,-10.92386194,-59.83130034,38.37413407,-1.4375327198610455,77.13948457566121
1.25974145828845,162.67664431,97.38387581,66.6558231,-12.14416556,-60.95512918,39.1369474,-1.4419233823520332,91.74654825666151
1.04472839596142,162.1078987,97.35315741,67.04071682,-13.33592148,-61.95564558,39.66648019,-1.442459519572978,81.61064810947138
0.847652645433473,161.52914758,97.38536502,67.30497179,-14.50121283,-62.84472486,40.09184218,-1.4418973907342796,72.62360396108613
0.665767609983042,160.98450925,97.53846715,67.41796497,-15.6384487,-63.61935682,40.37624797,-1.4392252544739632,79.29408830125828
0.495556434497387,160.46861048,97.80295683,67.38367017,-16.74753071,-64.28129434,40.51434289,-1.4346090387204173,77.16454924905803
0.332817094867541,159.98301435,98.17809855,67.20383629,-17.82804687,-64.83092941,40.50869004,-1.4280615805448227,75.51503159167972
0.172753960898984,159.52861243,98.66266894,66.88153502,-18.87839329,-65.26560024,40.35774968,-1.4196042317816493,73.12721522608756
0.0100725432866173,159.10307711,99.25039921,66.42251715,-19.89841633,-65.58714592,40.06209403,-1.4093464034565142,69.8052253410153
-0.160924098538492,158.70780144,99.94136913,65.82782535,-20.88731829,-65.79468315,39.6247282,-1.3972867033202725,69.00179269046403
-0.346234804430429,158.34068936,100.72265435,65.12954971,-21.83677801,-65.87021815,39.06033276,-1.3836507038341042,69.4567825731629
-0.552051745659754,158.00487259,101.61542047,64.25458866,-22.76949444,-65.87062656,38.32622319,-1.3680689955898493,64.23186544062264
-0.784643342486117,157.69701672,102.59286754,63.28511727,-23.66154769,-65.74008256,37.46752961,-1.3510093259543778,59.76601817971883
-1.05023004225551,157.41654402,103.65749329,62.20464024,-24.52105907,-65.50091272,36.47769455,-1.3324281013153638,58.13665034855697
-1.35485273039278,157.16231161,104.80551479,61.01840454,-25.3472237,-65.15276444,35.3599667,-1.3123913462566796,55.2379254963653
-1.70423217682282,156.93405244,106.03266458,59.73484032,-26.1400997,-64.69786553,34.11214311,-1.2909735420060227,52.11905353897927
-2.10361752692086,156.72869334,107.33465204,58.36066389,-26.89980263,-64.13955211,32.75318589,-1.268249574009345,47.38513941293654
-2.55762165787909,156.54231219,108.70645605,56.89736787,-27.60953707,-63.42938188,31.23465061,-1.2443070773427836,45.04497402659124
-3.07004127065801,156.38008886,110.13528614,55.37638941,-28.31702738,-62.7083013,29.64622732,-1.2193692878207165,41.61322213017904
-3.64365999522368,156.24050047,111.63833621,53.77482152,-28.97629085,-61.84616244,27.93801915,-1.1931361152768853,39.07318861922082
-4.28003369255435,156.09627983,113.17434644,52.10341596,-29.59595029,-60.86995048,26.11569908,-1.1663276794190702,40.129393814691824
-4.97925867629055,156.00567551,114.79408925,50.40920952,-30.21155106,-59.88980859,24.26902755,-1.138057834349065,35.27485998403357
-5.73973522845561,155.90750638,116.44333123,48.62817454,-30.77019401,-58.74760719,22.26332666,-1.1092731316359548,30.892572106395733
-6.55797182269578,155.84794503,118.15195235,46.849323,-31.32929556,-57.62496165,20.29095469,-1.0794520674228414,27.14746903207388
-7.42849358854012,155.7962952,119.88931742,45.02549563,-31.85808365,-56.42845721,18.26703532,-1.0491293266421997,23.229475387379583
-8.3438765734422,155.75999825,121.66535899,43.15691576,-32.34878096,-55.13896172,16.13004567,-1.0181315535934103,19.93829929025077
-9.29487649501063,155.72621177,123.4683987,41.21005218,-32.79440258,-53.73480264,13.85137465,-0.9866625741097067,16.3323199012666
-10.2706204437731,155.74010345,125.29300367,39.37267641,-33.269266,-52.45876465,11.78587729,-0.9548172098349542,15.573693343261574
-11.2588537098718,155.75937468,127.14105728,37.45649039,-33.69581836,-51.06852422,9.57582266,-0.922562589587087,9.455446886381669
-12.2462417414767,155.80007043,129.00987904,35.52046896,-34.09585807,-49.63947325,7.3212747,-0.8899454967421719,-1.46076378942821
-13.2187219019296,155.85601022,130.86789158,33.61384816,-34.48593944,-48.22662674,5.11310432000001,-0.8575170603758292,-16.161019325833248
-14.1618918561342,155.92869379,132.71838485,31.71414517,-34.84717578,-46.77907443,2.89159106,-0.8252198600283325,-26.54828877321931
-15.0614180371126,156.00212206,134.50213006,29.91295636,-35.22590888,-45.44203908,0.796749429999998,-0.7940876330971547,-28.858074958608704
-15.9034419374241,156.09420266,136.27478017,28.09992697,-35.57411501,-44.07898652,-1.33182742,-0.763149052191815,-41.43151939242422
-16.6749157928408,156.18531434,137.97102395,26.37408624,-35.91723774,-42.77373814,-3.35716781,-0.733544013314341,-60.69607795816329
-17.3637534467769,156.29736662,139.59379037,24.74918092,-36.26354914,-41.55332584,-5.31467168,-0.7052213962945398,-74.87253400610622
-17.9587896522077,156.38271962,141.09215493,23.20786122,-36.60846737,-40.41781097,-7.15557874,-0.6790700013273437,-88.60148414318596
-18.4497150990278,156.48262368,142.48381255,21.81241394,-36.96391864,-39.40680426,-8.85122599,-0.6547809937978754,-103.1766432054626
-18.8271392603016,156.54176504,143.7056368,20.53323267,-37.32481847,-38.51270131,-10.41934742,-0.633456137754665,-109.1572477615443
-19.0828007513078,156.5971862,144.78267611,19.41714399,-37.69245573,-37.7464633,-11.83163909,-0.6146582556217571,-117.63909239529634
-19.2098838893343,156.63916246,145.69369371,18.48713332,-38.06328887,-37.10424311,-13.0805476,-0.5987579989581407,-125.15143630016489
-19.2033926534705,156.62916418,146.40751732,17.66295191,-38.44239101,-36.60345165,-14.2001509,-0.5862994266851685,-132.09486744607312
-19.0605306179016,156.61678632,146.96468571,17.03122034,-38.82673084,-36.24141443,-15.13434066,-0.576575003791633,-128.46360521754474
-18.7810377964241,156.55119658,147.27551069,16.63437975,-39.21396341,-36.01026083,-15.90065371,-0.5711500844931873,-106.0899345755828
-18.3674421818338,156.50578093,147.49963547,16.32157101,-39.59504185,-35.89082343,-16.51876972,-0.5672383691468796,-107.34074572797513
-17.8251931134507,156.42334379,147.53565351,16.15711167,-39.97167818,-35.88348496,-17.01131005,-0.5666097357587643,-114.75795697131308
-17.1626545226614,156.32050497,147.41956806,16.10958059,-40.33605553,-35.96401357,-17.37950295,-0.5686358090749238,-96.02715848806342
-16.3909507253548,156.19954532,147.13828167,16.22807332,-40.70627769,-36.18074964,-17.57836036,-0.5735451827214726,-73.3987884576992
-15.5236738780222,156.08364087,146.78930556,16.37362624,-41.05621759,-36.45770224,-17.6659466,-0.5796359648517744,-64.32780618960687
-14.5764735501517,155.97414367,146.32036575,16.604065,-41.36883389,-36.71268418,-17.83367804,-0.5878205085299508,-49.51099582042539
-13.5665535919867,155.86588276,145.79047188,16.87453715,-41.68933018,-37.10689276,-17.74448948,-0.5970689012475856,-38.58562740202465
-12.5121046710269,155.77455481,145.21877272,17.09126723,-41.94978623,-37.3941787,-17.87173192,-0.6070469339204716,-41.29433825854068
-11.4317056344219,155.67906093,144.57055884,17.35483422,-42.19831865,-37.72870417,-17.8780851,-0.6183604003835993,1996.4534835219783
-10.3437295380825,155.59294155,143.88058056,17.6449001,-42.39567808,-37.97611876,-17.92463904,-0.6304027931368464,1728.434977961824
4.73960250755418,191.24158822,154.78948166,40.74868527,31.74728531,17.25469759,20.35738255,-0.44000655116741516,-2613.571852457452
5.01827668413925,190.52397029,152.44559134,40.55686008,30.64827685,14.71482795,19.51746129,-0.48091515455703887,-2337.464688292101
5.28627750554865,189.75605616,150.03374082,40.39904045,29.48680244,12.06563759,18.70782045,-0.5230098871969763,-44.90211882731128
5.53990131090228,188.98344099,147.61791598,40.28235275,28.27594211,9.34473063999999,17.94545443,-0.5651739848064414,-54.86865222388886
5.77517873008542,188.07501876,145.02072979,40.36631845,26.99922468,6.49817994,17.36853808,-0.6105034351092685,-33.92898947392702
5.98807902825782,187.19781698,142.4758664,40.538895,25.67816309,3.58881793,16.92633645,-0.6549196802782329,-32.03987825282635
6.17469550073879,186.22292347,139.81331997,40.95533657,24.30789378,0.597169489999999,16.73199413,-0.7013898819689535,-23.6392944037199
6.33143269922927,185.23888534,137.15024184,41.57789025,22.90090176,-2.44081550000004,16.76326567,-0.747869363575307,-14.835344020517383
6.45519131691798,184.2299631,134.47046697,42.43152616,21.45444035,-5.53526185999999,17.06409996,-0.7946402582690104,-16.939235459361157
6.54353191259545,183.16584268,131.73961702,43.56634955,19.98165849,-8.64397969000001,17.59409729,-0.8423025812744328,4.605751108421963
6.59480119533337,182.09461846,129.0305593,44.89800312,18.46247408,-11.82945507,18.44088364,-0.8895845581150035,8.316905783455297
6.6082102690568,181.02708261,126.35538121,46.46683136,16.90310742,-15.08104781,19.63817096,-0.9362752238627164,11.809681371822656
6.58386035948974,179.88605629,123.63830399,48.18608212,15.34168383,-18.25440382,20.87146577,-0.983697167382651,30.90952972541139
6.52271729447136,178.80152416,121.03880989,50.09852421,13.7405006,-21.50241508,22.4911514,-1.0290668983138178,34.587723857529795
6.42654073865735,177.65185428,118.42314724,52.07265013,12.15444237,-24.61827168,24.04000663,-1.0747188236777574,49.756691055206126
6.29777827798622,176.53534246,115.92041163,54.10980654,10.52762374,-27.79561594,25.85149042,-1.1183998003791662,64.64076292310494
6.13943839830276,175.41525359,113.49307533,56.16972416,8.91161380999998,-30.87083784,27.65969672,-1.1607648108673432,73.95811935908094
5.9549561907759,174.31009099,111.17237766,58.20613824,7.30420056999998,-33.84986618,29.44512162,-1.201268626152204,86.55073623473174
5.74805823932517,173.23813231,108.98675223,60.20323959,5.70289056999999,-36.74736534,31.24420035,-1.2394149861210209,88.60172848928372
5.52262705339964,172.18047343,106.92024288,62.11477444,4.11652158000001,-39.52969973,32.96508644,-1.2754823783017688,93.5121948864781
5.28256745595938,171.14862839,104.98807964,63.92466519,2.56653591,-42.13604963,34.50102664,-1.3092049885257702,99.0568004874448
5.03168081849076,170.14785944,103.20389351,65.63243366,1.01693100999998,-44.68205203,36.06897616,-1.3403449109626857,99.53051251703204
4.77355246854514,169.17103106,101.55696071,67.2108744,-0.52490856,-47.1430742,37.58629511,-1.369089310881775,100.1882485722927
4.51145538249431,168.22217487,100.05781197,68.65262622,-2.01439339000001,-49.38705036,38.86668726,-1.3952543923718994,101.59062586226008
4.24827141079796,167.29972959,98.69987816,69.9558584,-3.50476854000001,-51.57487095,40.14113719,-1.4189548083805505,104.0318213776792
3.98642985942445,166.40761969,97.49380184,71.1072089,-4.95378135000001,-53.58589047,41.23314017,-1.440004811194887,104.98498407943923
3.72786229769446,165.54837614,96.43885404,72.1113139,-6.37158121000002,-55.45002425,42.19140707,-1.4584171237415582,103.69675830387948
3.4739719536623,164.71957212,95.53131136,72.9630029,-7.76263825999999,-57.18293557,43.02694351,-1.4742567316099309,98.2808148846992
3.22561592633973,163.92232492,94.77196858,73.65932695,-9.12255816000001,-58.77497285,43.73120114,-1.4875097632721779,101.30203043444696
2.98309859705795,163.14320106,94.13192847,74.25186123,-10.45669791,-60.24801934,44.37014656,-1.4986805705365047,108.62380707429064
2.74617495452484,162.42309348,93.685501,74.58861075,-11.75480777,-61.56460667,44.75328556,-1.5064721997593529,98.50042268316317
2.51406295107219,161.72252026,93.35491415,74.82589525,-13.02298068,-62.75550496,45.06310033,-1.5122420287556495,88.15264480076745
2.28546437930013,161.05568805,93.16339927,74.91299555,-14.26077068,-63.81901411,45.24508763,-1.5155845939782115,96.44524512906649
2.05859401504373,160.40866666,93.08297728,74.90528235,-15.46466741,-64.75353869,45.35904229,-1.5169882224947175,103.94215857802314
1.8312168599847,159.83084778,93.19388809,74.65683405,-16.64107495,-65.565164,45.23252858,-1.5150524636841636,91.15818205784886
1.60069321571126,159.2721307,93.40658511,74.32646622,-17.78263287,-66.2498223,45.03710919,-1.5113402003759833,84.31414217685563
1.36403104175277,158.74885829,93.74667482,73.8670464,-18.89265539,-66.81489808,44.72395599,-1.5054045151843307,87.5767507247982
1.11794462763045,158.262401,94.21327739,73.28253673,-19.97014809,-67.25961652,44.29480024,-1.4972607640395634,84.60676756991026
0.858918097259119,157.81291046,94.80123937,72.58245933,-21.01440038,-67.584526,43.74935818,-1.486998891612018,81.34013254738281
0.583271733610329,157.39751473,95.50473074,71.77098256,-22.02660522,-67.79494646,43.09594428,-1.4747206509461526,78.65273739701806
0.287228641549583,157.01694792,96.32184855,70.85065042,-23.00636463,-67.89082883,42.33282085,-1.460459254784967,75.91756036772202
-0.0330202242881227,156.66970115,97.24683108,69.82628425,-23.95351234,-67.87462417,41.46084234,-1.44431526411304,71.46456920208432
-0.381250864926195,156.35605818,98.27743331,68.69975807,-24.86840037,-67.74815777,40.48070183,-1.426327861921144,68.75602415183701
-0.761134227768711,156.06477997,99.39839324,67.46415292,-25.74482495,-67.49429975,39.36668338,-1.4067634203597188,69.04812769143787
-1.17615245271737,155.82105905,100.62696107,66.16146787,-26.59394697,-67.15527203,38.19075067,-1.385320866642137,64.6610192144137
-1.62950490000676,155.60407006,101.94557203,64.75337146,-27.41710791,-66.73042425,36.90837093,-1.362306763837254,57.17387786394079
-2.12400701392891,155.41362309,103.34696918,63.26407551,-28.21093073,-66.21253147,35.51618622,-1.3378477694416888,53.50671770335102
-2.66198228121227,155.24533787,104.82033301,61.68465884,-28.95704404,-65.5526123,33.97760322,-1.312132719528395,51.15368924042185
-3.24514610640087,155.11783069,106.3735482,60.05783312,-29.69234072,-64.86719269,32.42427962,-1.2850240004709055,45.097890664180795
-3.87448042294643,155.01117296,107.98818304,58.35855013,-30.39455995,-64.09058568,30.77699969,-1.2568433062954938,40.51719550250743
-4.55009811939154,154.92888149,109.6585191,56.59969135,-31.06725923,-63.23540693,29.0347825,-1.227690442433704,38.10345401621395
-5.27109694137042,154.87417586,111.3881795,54.78135496,-31.70330237,-62.28701885,27.21382569,-1.197502173512342,31.35794495281452
-6.03540348924526,154.84529162,113.16180671,52.93437601,-32.31969668,-61.29901313,25.34165314,-1.1665465389948813,25.71134754635329
-6.83961264303603,154.83680823,114.96784375,51.0539293,-32.90576885,-60.24182091,23.39641707,-1.1350252462339085,22.12639413886386
-7.67885407901308,154.84723096,116.81240949,49.13674026,-33.45581002,-59.10748995,21.39106411,-1.1028315008014231,12.848675875540838
-8.54675291859269,154.87670081,118.6742829,47.205003,-33.98352576,-57.93701828,19.35851236,-1.0703356795415888,5.874155179674823
-9.43552402805868,154.91321066,120.53662976,45.26473201,-34.48360161,-56.71814874,17.29806801,-1.037831595020411,6.535460433252371
-10.3361639605426,154.96718256,122.41437848,43.31077723,-34.95221213,-55.44440399,15.18277771,-1.0050586973313016,-2.334023572706556
-11.2386862446502,155.03444231,124.29829546,41.35401047,-35.38713051,-54.11360737,13.0141294,-0.9721781431960734,-10.513837234078505
-12.1323787172101,155.095427,126.14110109,39.42139331,-35.80652442,-52.7819603,10.88821947,-0.940015117478285,-4.5234693061591
-13.006078303073,155.17980937,127.99972131,37.48916354,-36.18828976,-51.39145266,8.69604946,-0.9075760750951438,-22.224443245582037
-13.8484567359002,155.27264284,129.84190613,35.55243327,-36.52792427,-49.93141683,6.47233663,-0.8754238845558844,-34.83060736689243
-14.6483065301575,155.33276517,131.57381048,33.71971737,-36.89060389,-48.5976128,4.39353275,-0.8451964513187724,-27.845152183254562
-15.3948156006286,155.42634739,133.34314649,31.84078557,-37.17958413,-47.11329401,2.17709909,-0.814315712370173,-41.90559968647926
-16.0778217128373,155.50314595,134.98835868,30.10041206,-37.49833419,-45.78691929,0.14396713,-0.7856013427607265,-43.29147139771177
-16.6880114900553,155.58789362,136.60428545,28.37188234,-37.77408722,-44.41044136,-1.92345552,-0.7573981001531095,-50.432074134539825
-17.2169747273492,155.66878898,138.15486502,26.68862339,-38.02014592,-43.02941119,-3.97801176,-0.7303353813424517,-69.99098945995037
-17.6570744852668,155.74395041,139.57646991,25.15805616,-38.28993412,-41.80770657,-5.84467384,-0.7055236953495,-71.10161053083486
-18.0012509056783,155.81027697,140.92035253,23.66858824,-38.51870821,-40.56091282,-7.72277728,-0.682068518870172,-83.26293211371238
-18.2429211996884,155.88224051,142.14127215,22.33119286,-38.76183103,-39.45813344,-9.43652426,-0.660759451598974,-94.93237802547405
-18.3760387216134,155.92386644,143.20877858,21.1152048,-39.0073102,-38.47236715,-11.00755589,-0.6421279496092634,-95.34089153552694
-18.3952939638169,155.96237159,144.16215193,20.00255635,-39.22906216,-37.52816726,-12.51800191,-0.6254884456509954,-103.22066564518062
-18.2964185600652,155.9853741,144.95094156,19.05721049,-39.47470893,-36.77318923,-13.8225569,-0.6117214695019076,-100.50359291621014
-18.0765476140348,155.97509063,145.59162086,18.19023534,-39.70336291,-36.08639275,-15.0480987,-0.6005395062675348,-97.39003548640324
-17.7345936676208,155.98758251,146.11726137,17.50026916,-39.9250815,-35.5091541,-16.10698703,-0.5913653486861729,-106.78791443273772
-17.2715874527281,155.96920813,146.46308599,16.93886631,-40.16495567,-35.10154369,-17.009706,-0.5853295704327146,-107.74183111672997
-16.6909460324957,155.94203742,146.6717315,16.51047508,-40.40364128,-34.81078878,-17.7739083,-0.5816880193137118,-100.288913927562
-15.9986371285539,155.90820923,146.7172359,16.28546216,-40.63624584,-34.61604613,-18.4020457,-0.5808938177095674,-88.37602949172907
-15.2032182735017,155.84963858,146.65158848,16.08966816,-40.8775348,-34.56729374,-18.82675029,-0.582039581334007,-84.08675020992851
-14.3157413078714,155.78359266,146.46502846,15.96287569,-41.10617609,-34.57979409,-19.26926826,-0.5852956679355931,-81.64422300829588
-13.3495256273887,155.70707682,146.14966387,15.95142198,-41.34794719,-34.7349343,-19.4974244,-0.590799818375295,-73.58799611126176
-12.3198135839172,155.62697128,145.74503408,15.9704435,-41.54459373,-34.83328614,-19.84681317,-0.5978619404624483,-63.03383653547323
-11.2433281313524,155.53261506,145.2261111,16.07472306,-41.80003325,-35.19512532,-19.84719637,-0.6069188550277093,3054.36298951203
-10.1377590845051,155.4323267,144.66388242,16.11897551,-41.9903255,-35.41857022,-20.07358228,-0.6167315966428509,2797.487540306572
4.53238062368898,195.53264439,161.80276917,32.89302374,40.20749387,32.3937978,8.4766463,-0.31760159272892047,-3674.9034831077515
4.7280715719937,194.84690267,159.61115369,32.50550651,39.25301625,30.3669718,7.20416153,-0.3558524987925963,-3424.270057364398
4.89856124583609,194.10786472,157.32378127,32.21677574,38.2252267,28.19417946,6.01971460999999,-0.3957746787409068,-68.02508898775548
5.04288861856191,193.31413578,154.93880274,32.0695414,37.13032128,25.8909494,4.95905667,-0.43740040667878144,-66.32760793719896
5.16019903150057,192.45997639,152.45503832,32.10617935,35.95292515,23.41247451,4.11548288000001,-0.4807502736516687,-52.280428426949044
5.2498751553685,191.55382099,149.88642259,32.35513594,34.70456337,20.78813096,3.51249144,-0.5255810753586865,-51.25902160610707
5.31163911117472,190.62859112,147.28675058,32.80278585,33.38722148,18.0241409,3.16744167,-0.5709539114051255,-70.17607988179559
5.34559361397818,189.60624463,144.54034988,33.57956827,32.00296959,15.11845891,3.17245263,-0.6188876461992022,-55.40204055126665
5.35222302791334,188.5282868,141.71638352,34.66734082,30.56566804,12.11159874,3.50430809000001,-0.6681751571467619,-22.992435240354325
5.33238491364021,187.43033964,138.87684686,35.98545668,29.06896161,8.99145222999999,4.14185217,-0.7177344210948446,-12.621388628366681
5.28729777342361,186.30439191,136.01427951,37.55882814,27.52491541,5.79063380000002,5.08695302,-0.7676956464124337,-6.371521656607371
5.21852037640052,185.15230838,133.14102861,39.36661309,25.9328338,2.51152379999999,6.32742689,-0.8178433348533237,5.0698324111898785
5.12792008652774,183.98048968,130.27566937,41.38372699,24.30080705,-0.824011460000008,7.84237296,-0.8678532878437663,20.059662505112996
5.0176296056972,182.79673773,127.43425836,43.56149284,22.65035798,-4.14967339000002,9.5279602,-0.9174452653706838,34.6881309040624
4.88999324071505,181.61539078,124.65199263,45.87444955,20.97296391,-7.49050398999999,11.41066765,-0.9660049630245875,45.435248845958576
4.74750507520476,180.42858419,121.92623646,48.24129849,19.26858543,-10.83624039,13.42832449,-1.0135783827976377,58.877387281722804
4.59274224236559,179.25410977,119.28864069,50.64792286,17.55394974,-14.14706007,15.527924,-1.0596131133208129,70.51910165699837
4.42829847638983,178.09590733,116.75555714,53.04785488,15.82388143,-17.43418037,17.71385431,-1.1038237614964193,78.18360511139043
4.25672578363717,176.95631505,114.32933344,55.38833485,14.11028483,-20.60089043,19.80401936,-1.1461693534513384,88.74868695763149
4.08048814912295,175.84355246,112.03283688,57.6536183,12.39083416,-23.71914034,21.90460018,-1.1862507796840618,95.15574700847074
3.90192220363285,174.76414297,109.87851871,59.82150198,10.68578495,-26.73054204,23.9413609,-1.2238507248861008,96.94902045501719
3.72319868190502,173.70944546,107.85531889,61.84242032,8.97877650000001,-29.67691584,25.89994701,-1.2591622231708572,102.11390524260233
3.54628465451535,172.69078705,105.98318095,63.72641764,7.28899927000001,-32.51116513,27.76153036,-1.2918371942753615,104.89476451974733
3.37290967345888,171.70801129,104.26287048,65.45577195,5.61659606000001,-35.23205015,29.50816363,-1.3218622761333925,105.28682655626787
3.20453824519025,170.75592171,102.68884592,67.01887062,3.95104828000001,-37.8696304,31.17353444,-1.3493341872126474,104.93579022913923
3.04234961547158,169.84520191,101.27367115,68.41647815,2.32455244000002,-40.33535093,32.62416634,-1.374033646440301,102.28278155569592
2.88722455913075,168.95920185,99.99574868,69.63735439,0.697799900000007,-42.74069112,34.01488912,-1.3963376011270194,102.19065609645916
2.73973788000958,168.10946481,98.87050899,70.68691661,-0.896180530000009,-44.99560859,35.22515574,-1.4159767385916397,100.44557991720771
2.60015475166367,167.28918652,97.88816077,71.56828537,-2.45627631000002,-47.09417043,36.2426301,-1.4331219494317455,96.36967586311273
2.46842890563903,166.49674922,97.04285761,72.27651127,-4.01151578,-49.12858687,37.19786467,-1.4478752727512578,93.1808755439123
2.34420096486838,165.73017643,96.33273043,72.81926824,-5.53541351999999,-51.02007736,37.97951798,-1.4602693301501604,89.86705903572644
2.22679582620985,164.98609742,95.74909332,73.20592475,-7.03534007000002,-52.79237286,38.62009553,-1.4704557193564847,86.74749767328515
2.11521877975364,164.26471654,95.29220041,73.43866476,-8.50618496000001,-54.43297054,39.1129982,-1.4784300049650025,83.58063788810543
2.0081508603665,163.56267775,94.95235558,73.52988549,-9.95243873999999,-55.95751812,39.47548981,-1.484361416194383,80.18195649037052
1.90394461690409,162.88061419,94.73055217,73.4769563,-11.36958271,-57.35485691,39.69651867,-1.4882326159910342,76.83887953727985
1.80062194630084,162.20936713,94.61502661,73.29567594,-12.74719674,-58.59511159,39.76399868,-1.4902489173832443,73.44481802606717
1.69587580842661,161.56692969,94.60915828,72.99695918,-14.11845562,-59.78264988,39.75052189,-1.4903513390633378,73.36801306700113
1.58707749749577,160.92859453,94.69850545,72.58016636,-15.44022074,-60.78747049,39.55706278,-1.4887919367694988,74.83798870423053
1.47129072603361,160.32784483,94.90813214,72.05898005,-16.75128224,-61.73480038,39.32487309,-1.4851332608289414,68.4626325592541
1.34529314248752,159.73983718,95.21077438,71.43493504,-18.02707958,-62.54865814,38.95895333,-1.4798511572853303,66.0992630205004
1.20560514105926,159.16042485,95.59936799,70.71526531,-19.26060876,-63.20808186,38.43405686,-1.4730689193386195,71.16111927701007
1.0485250286755,158.61979058,96.10176419,69.92085668,-20.47740103,-63.79977385,37.88176891,-1.4643004514991118,67.39931514708752
0.870168883081786,158.10189006,96.69832702,69.03977441,-21.66145598,-64.27303767,37.21259889,-1.4538884659205966,63.08288028745501
0.666512852689786,157.60158979,97.37892363,68.07307003,-22.81295453,-64.62803743,36.40892454,-1.4420098141981845,64.58895282426047
0.433436751283918,157.13382598,98.15872433,67.0451701,-23.93875404,-64.89398048,35.55795456,-1.4283997244738282,64.19348215971566
0.166772160978711,156.69445537,99.02615051,65.96767908,-25.03913534,-65.07323094,34.64565432,-1.4132602816148312,60.566162629966946
-0.137638959789405,156.28399341,99.9869232,64.81205236,-26.10173599,-65.12908903,33.63273963,-1.3964916348110883,57.48330554169012
-0.483872936049752,155.8947786,101.02039594,63.59181419,-27.13335715,-65.08103503,32.48941034,-1.3784541327684812,56.04878452289741
-0.875842477258209,155.54326122,102.14447715,62.3264444,-28.14054533,-64.95866624,31.31460193,-1.3588352145941793,53.919596281866156
-1.31720557436853,155.21198737,103.33577725,61.01746981,-29.1190395,-64.75154259,30.07894867,-1.3380431054698414,50.783979635626864
-1.81126392869524,154.91766716,104.61096763,59.65042129,-30.06371943,-64.44391884,28.75370224,-1.3157868347490838,48.99744665065153
-2.36084848128151,154.64001831,105.94212933,58.23384379,-30.9703316,-64.02142895,27.30749915,-1.292553680207639,48.97879606227118
-2.96818929176185,154.40353439,107.3581928,56.77153647,-31.84993933,-63.53275627,25.83412825,-1.267838710238923,39.41399557159997
-3.6347670178023,154.18906925,108.82910924,55.26627028,-32.69428677,-62.94743848,24.27524666,-1.2421663753392094,31.635831040330853
-4.36114368129767,153.98436614,110.33124353,53.74340717,-33.51419806,-62.3021854,22.69462982,-1.2159491861716023,38.299248542368325
-5.14677138677156,153.80771893,111.89734911,52.16254137,-34.2864713,-61.53049016,20.97712719,-1.1886154873667467,35.89790587508412
-5.98978162691091,153.66233079,113.52373279,50.54114595,-35.02266646,-60.67356856,19.19343482,-1.1602297372500447,26.18800045572689
-6.88678364906692,153.52148011,115.17126883,48.8852289,-35.72315176,-59.73205963,17.35540625,-1.1314748088067756,25.875637134167295
-7.83274015589751,153.40604667,116.86626824,47.18954481,-36.38271137,-58.69589116,15.42844271,-1.1018914882829145,25.548248273083995
-8.82096732204206,153.30628432,118.59344503,45.4534562,-37.00253588,-57.57133488,13.42529083,-1.0717465665333878,20.94840684951471
-9.84323051244391,153.22787756,120.35518437,43.6747952,-37.58492112,-56.36897385,11.35427664,-1.0409984144884759,15.95869203229956
-10.8898856531706,153.16072351,122.13564676,41.85813377,-38.12824148,-55.08742921,9.21180891,-1.0099234835750486,11.648966218316126
-11.950048643776,153.11014386,123.93553707,40.00429507,-38.63522124,-53.73914233,7.01074378,-0.9785094714908072,8.266172552762185
-13.0117923195735,153.07402718,125.74459215,38.1141108,-39.10784416,-52.3337627,4.7496667,-0.9469355039948777,8.487139962709556
-14.062368381881,153.0578154,127.56325145,36.19683713,-39.54764859,-50.88264792,2.44537497,-0.9151939112378624,-11.402789272652036
-15.0884470579888,153.05790458,129.40216527,34.21962352,-39.93317094,-49.33041803,0.0614518599999982,-0.8830988104184359,-35.58288092641693
-16.07636592256,153.03736011,131.12563266,32.32715136,-40.34786067,-47.91725623,-2.2202198,-0.8530186299121828,-28.14375183833313
-17.0123819279589,153.04245188,132.8558635,30.4021914,-40.71377422,-46.43287083,-4.5634389,-0.8228204049346357,-34.63051584012167
-17.8828829258991,153.05378958,134.52676205,28.51520572,-41.06466771,-44.98101693,-6.86856888,-0.7936577237703365,-59.12284864239341
-18.6744487155187,153.06445558,136.11114349,26.69302071,-41.40280473,-43.57722837,-9.109533,-0.7660050510348477,-73.38910362568507
-19.3737350995933,153.07170982,137.58914247,24.9629369,-41.73643539,-42.25442341,-11.26105578,-0.7402091024927295,-77.74749445520924
-19.9673524172684,153.07755955,138.94593489,23.35395935,-42.07071047,-41.0389526,-13.2800208,-0.7165286074976283,-94.55216677456973
-20.44192697978,153.10079833,140.20606256,21.86208991,-42.38869585,-39.88976232,-15.21217586,-0.6945352306606435,-120.43304687781138
-20.784392663238,153.07768817,141.23898228,20.58544505,-42.74584248,-38.97892413,-16.86337542,-0.6765073806378658,-121.01328856895739
-20.9824762554826,153.05659821,142.13295212,19.470081,-43.08454193,-38.14412023,-18.37719352,-0.6609046635163386,-116.07885007449026
-21.0253203993006,153.01298199,142.8386746,18.55323312,-43.42152545,-37.44213564,-19.68588659,-0.648587482634999,-112.95487128370918
-20.9041777790945,152.97310223,143.39475886,17.82778144,-43.75978893,-36.88619694,-20.79715675,-0.6388819813794827,-109.88114401275229
-20.6131062484606,152.93179141,143.79118318,17.29957982,-44.09530052,-36.46689268,-21.69574704,-0.6319630717605031,-108.33801115460062
-20.1495970500123,152.88262623,144.02699302,16.9609341,-44.42300461,-36.17226632,-22.39248148,-0.6278474136439021,-99.78448584846421
-19.5150751187725,152.83525179,144.12296068,16.79568343,-44.74049766,-35.99116285,-22.89953995,-0.6261724620014674,-90.86422323326015
-18.7152211951285,152.79554156,144.08750419,16.79225093,-45.04751501,-35.92383549,-23.2054119,-0.6267912944931678,-88.70264342663914
-17.7600833184752,152.75355397,143.93412453,16.92394338,-45.33114888,-35.92653506,-23.35705822,-0.6294682745657576,-82.25927878201755
-16.6639676829659,152.71082019,143.63978665,17.21795513,-45.61140167,-36.04683261,-23.32748164,-0.6346054396850975,-62.74294076370923
-15.4451168243777,152.68516081,143.27397743,17.59840939,-45.86289316,-36.20820807,-23.17677198,-0.6409900150082496,-51.81984127333838
-14.1251943161969,152.66912237,142.83257854,18.05043534,-46.08970511,-36.41108835,-22.92060063,-0.6486938789533981,-46.83220514326347
-12.7286038799679,152.66191606,142.31692451,18.57793137,-46.29890453,-36.66573333,-22.54673519,-0.6576937395780754,-36.767374803220456
-11.2816801910953,152.66996679,141.75704166,19.13499921,-46.4815524,-36.93387756,-22.10003317,-0.6674655387360251,-26.84702630930902
-9.81179796159801,152.68385278,141.14921005,19.70305293,-46.64097159,-37.21373861,-21.60582509,-0.6780742016282233,-16.309227449925466
-8.34644999147217,152.71215502,140.52768265,20.25196285,-46.76384962,-37.45524076,-21.08998305,-0.688921901149583,-10.174903019986026
-6.9123417381764,152.74749145,139.8880506,20.77160185,-46.8655584,-37.68836433,-20.53198038,-0.7000855864233637,-3.7245989462730833
-5.53454415845865,152.77486846,139.24002574,21.1813815,-46.92341929,-37.83749042,-20.05276924,-0.7113957538651394,4719.594329600787
-4.23574069514278,152.82641006,138.60555077,21.59853758,-46.95901708,-37.95649231,-19.50663251,-0.7224694311131314,4374.528494594809
5.37892079810895,197.04088457,164.99365244,22.22501893,37.89209663,27.03609387,1.21868353,-0.2619101736206172,-5415.654076739647
5.57203909258569,196.17090205,162.38725295,22.64415547,36.55614883,23.98430718,1.28976898,-0.30740042634341824,-5099.5553299573485
5.74948685617207,195.2810294,159.71786695,23.27412923,35.16228746,20.81729191,1.56481762,-0.3539900010500597,-61.7436577364705
5.90739339790575,194.33456678,156.95065535,24.16047848,33.69625182,17.49456668,2.13521179,-0.4022869545694399,-60.70852913705238
6.04196960959771,193.33127601,154.08831636,25.32394701,32.16617933,14.03991674,3.00827957000001,-0.4522441942531492,-50.94761647030879
6.14981970201059,192.28930588,151.1662235,26.7519972,30.57475168,10.46323917,4.19232973,-0.5032443357091668,-43.014721519531385
6.22819673645419,191.19119896,148.16685743,28.45204034,28.93576054,6.80445617000001,5.64869595,-0.5555931491032696,-30.674641569342675
6.27514386456679,190.06132966,145.13533545,30.38986108,27.24928918,3.06805231999999,7.37506439,-0.6085031890008469,-15.224339513546425
6.289532764834,188.88974533,142.06964575,32.53214794,25.52508928,-0.713165230000016,9.30861828,-0.6620095681103243,1.0416177335759613
6.27105173369374,187.70425828,139.01721836,34.85603359,23.76273522,-4.54176366999999,11.48060086,-0.7152844762438816,17.00829464721263
6.22017394515129,186.49868087,135.9784021,37.31784202,21.97673633,-8.37104204000002,13.78933207,-0.7683218253440214,31.108739860898815
6.13811082772597,185.29529112,132.99655162,39.88175666,20.16528167,-12.20996148,16.2651511,-0.820364934022195,37.86134892369901
6.02675040031035,184.086008,130.0653984,42.50197213,18.34396028,-16.00883924,18.79608624,-0.8715232085916286,51.305354861765906
5.88858115903178,182.87112159,127.19281443,45.13975023,16.52513543,-19.73065492,21.30489165,-0.9216592569081385,69.83136862788406
5.72660267919838,181.6926282,124.44635273,47.7619813,14.69410473,-23.42899932,23.9167736,-0.9695940563530592,73.51350371344836
5.54422452422252,180.52244234,121.78918151,50.33793651,12.87562773,-27.02636619,26.46321095,-1.0159704429312937,78.95239646694918
5.34515539352539,179.3754073,119.24850841,52.83428621,11.07211468,-30.51812461,28.93261532,-1.060313553743145,90.34043596209517
5.1332863884726,178.26258649,116.8379125,55.24222492,9.30859219999999,-33.83279233,31.22627747,-1.102386389307754,95.97302186532754
4.91257506486559,177.18195061,114.56827666,57.51274658,7.52956187000001,-37.13658277,33.57976088,-1.1419990075370212,93.9939301946401
4.68693313634959,176.13567145,112.4365284,59.66315467,5.81047029999999,-40.20592225,35.67820543,-1.1792050334976814,93.1672497584457
4.46011287445936,175.1059175,110.42659046,61.64858044,4.08812915000001,-43.23345941,37.75776106,-1.2142850683114335,96.22745247302333
4.23558840950093,174.11654258,108.56895332,63.4853114,2.42635963999999,-46.02244051,39.57266305,-1.2467069527117642,96.35175482234803
4.01643569360176,173.1428505,106.83624695,65.14810045,0.772398890000005,-48.73786078,41.34255229,-1.2769483838385434,94.48932270419208
3.80521835217603,172.20410216,105.25343313,66.64632624,-0.823687150000012,-51.22684188,42.87048832,-1.3045736964436123,91.05630195342495
3.60388628182981,171.27596949,103.78728738,67.96388378,-2.4054208,-53.61066785,44.27087877,-1.330162767095234,91.19906465025362
3.41369283639645,170.37252451,102.45962712,69.11549338,-3.94030284999999,-55.80051601,45.47742406,-1.353334809980118,90.72212027088521
3.23513522454631,169.48685203,101.26085996,70.09823228,-5.43691253,-57.81858142,46.50731396,-1.3742572438868994,87.62178720080892
3.06792137403076,168.61573282,100.18562057,70.91825537,-6.89874423999998,-59.67307447,47.36478407,-1.393023711489535,86.90476056553375
2.91096504671591,167.76039636,99.2364684,71.58179159,-8.32321452000002,-61.3576051,48.05898853,-1.4095895419584838,86.48850652025031
2.76240946573196,166.91928984,98.40954162,72.09523547,-9.71308346999999,-62.8802061,48.59239213,-1.4240221369423987,85.86300669627178
2.61967820056363,166.09477177,97.70761948,72.4646783,-11.06656866,-64.23673779,48.97519745,-1.4362729893780433,85.69798581549604
2.4795506174652,165.28530728,97.12542146,72.69880014,-12.38773999,-65.4399157,49.20733453,-1.4464342617256352,86.76787788296059
2.338257918618,164.49505369,96.66978385,72.80202953,-13.67414869,-66.4857059,49.30878182,-1.454386638216053,86.93908246527604
2.19159474337258,163.72490063,96.33844462,72.7850409,-14.9270269,-67.37914116,49.27825279,-1.4601695987205756,87.10551357208107
2.03504056264486,162.97701799,96.13007247,72.64701957,-16.1492832,-68.13093759,49.12290993,-1.4638063788075353,89.32099089133504
1.86388472167493,162.25431404,96.05054561,72.39646818,-17.33948648,-68.7413143,48.85821714,-1.465194384358308,89.99466180267035
1.67334900991597,161.56118429,96.10213267,72.03119707,-18.49749813,-69.21056539,48.47795414,-1.464294020309884,88.96344623142926
1.45870206025935,160.89530973,96.27827803,71.55989202,-19.62861715,-69.55822442,47.99257703,-1.4612197038157733,89.52697115899744
1.2153606685308,160.26187027,96.58391587,70.98116668,-20.7304678,-69.78026816,47.40421329,-1.4558853171890898,89.85373693754627
0.938974210018387,159.66246363,97.01896221,70.29602453,-21.80426002,-69.88372648,46.71709551,-1.4482923261573388,88.91195552783726
0.625489617868508,159.09757444,97.58052306,69.50714925,-22.85168518,-69.87712081,45.93594558,-1.438491240374541,87.47305373261405
0.271195769103693,158.57074061,98.26907437,68.61465368,-23.87147178,-69.76029531,45.06215266,-1.4264737529461207,85.0286660099897
-0.127250512816462,158.0797832,99.07831393,67.62027492,-24.86812925,-69.5495533,44.09376361,-1.4123498581867306,82.54191740109329
-0.57280778090189,157.62689422,100.0063649,66.52831652,-25.83965958,-69.24370129,43.03641059,-1.3961523131339035,80.20802821874229
-1.06803000588497,157.21274402,101.04903515,65.34325499,-26.78438399,-68.84228823,41.89925545,-1.377954284258811,76.79747858208907
-1.6150355466366,156.83973759,102.20321358,64.06541025,-27.7061875,-68.36064875,40.67465661,-1.3578100704998122,71.87828379330519
-2.21546220082356,156.50393639,103.45977351,62.70365318,-28.60108984,-67.79219953,39.37928273,-1.3358789624726826,64.47404034631177
-2.87040512089306,156.206081,104.81189449,61.26295208,-29.47302126,-67.15152532,37.9994048,-1.3122799994863903,62.25016450270404
-3.58033343501459,155.93431795,106.23992091,59.74335093,-30.31895163,-66.43321065,36.54800632,-1.287356236651923,61.28442146769775
-4.34498248238591,155.71941702,107.77724257,58.16052069,-31.13630084,-65.64157496,35.03357149,-1.260524912022698,51.318048641411096
-5.16322056868685,155.52236941,109.37120218,56.50098104,-31.92441801,-64.76965569,33.43278708,-1.2327050686843934,43.68843606409989
-6.03289152320398,155.36813144,111.03662141,54.81365027,-32.69523445,-63.86575595,31.81925114,-1.2036380196948646,38.971463849100104
-6.95063698046097,155.23653697,112.75279975,53.06109747,-33.43224682,-62.87816352,30.10021171,-1.173685057110454,31.157844699407633
-7.91170508140208,155.13610239,114.51929029,51.2733612,-34.14126692,-61.8327606,28.33870427,-1.1428539809821212,26.191433518367724
-8.90977104121193,155.0550976,116.31291862,49.46338144,-34.82494711,-60.74019445,26.54264932,-1.1115492610665738,22.2594475690574
-9.93683632386575,155.00622512,118.15202503,47.61453219,-35.47209276,-59.57262022,24.65229762,-1.079450798917541,12.927346591571354
-10.9832726123626,154.97262166,120.00057473,45.76257391,-36.09526012,-58.37119177,22.74671431,-1.0471875202657879,5.136680266877303
-12.038005589894,154.95640532,121.85882801,43.90327706,-36.68743845,-57.11868798,20.79406741,-1.0147548821938037,0.5455899241768591
-13.0887851173653,154.95669567,123.71766185,42.05133833,-37.25113666,-55.82694879,18.81309735,-0.9823121114383142,-12.605073290522562
-14.122505158701,154.96987562,125.56875699,40.20724321,-37.78413531,-54.49397757,16.79834524,-0.9500044064776487,-11.458679951290573
-15.1255603537879,154.96940231,127.36252722,38.40051189,-38.29728732,-53.15266632,14.79611657,-0.9186972099398928,-13.131131235037952
-16.0842290471419,155.02563693,129.21303257,36.56746255,-38.75170112,-51.70300001,12.69057661,-0.8863997987566228,-39.619754182446165
-16.9850673322092,155.04232465,130.93215675,34.86342031,-39.23158449,-50.38723997,10.73217779,-0.8563954215649752,-37.798904533716815
-17.8152950794045,155.06802642,132.63030368,33.15171461,-39.65729937,-48.98212893,8.71214493,-0.8267571664538415,-31.005329102720136
-18.5631562865396,155.10791992,134.28521451,31.49587745,-40.0639612,-47.59775341,6.71984719,-0.7978735236434292,-41.661639308966336
-19.2182186620443,155.14735007,135.86992734,29.90217644,-40.44737021,-46.22472234,4.75369774,-0.7702150670613321,-50.62119801228393
-19.771527496512,155.20237029,137.39956866,28.37598683,-40.80133697,-44.85379744,2.81016125,-0.7435177896527799,-72.03012394756962
-20.2155458181947,155.23895062,138.8195129,26.92980903,-41.14300387,-43.54136146,0.942197210000003,-0.7187350874700512,-73.02074839639738
-20.5439556971629,155.24944515,140.1012206,25.59509581,-41.48748974,-42.34017048,-0.791231310000001,-0.6963650680568876,-71.41820103984786
-20.751489828861,155.29877643,141.35072039,24.30824922,-41.77899864,-41.09615989,-2.55591932,-0.67455718271841,-84.90212789388991
-20.833893541589,155.2979537,142.39367639,23.20403789,-42.10241315,-40.06105464,-4.06983072,-0.65635416656498,-83.18819536981098
-20.7880181318884,155.33968476,143.39547452,22.15303333,-42.38495603,-39.03234801,-5.59055663,-0.6388694907561578,-85.47875151749484
-20.6120118749376,155.34153371,144.20949893,21.25930061,-42.66649505,-38.13397517,-6.91667875,-0.6246620846100536,-76.83218794492296
-20.3055700714076,155.37707851,144.95047148,20.45184726,-42.93012919,-37.31951174,-8.16988223,-0.6117296739456551,-83.80000657646436
-19.8702035137346,155.42090945,145.58510546,19.73668969,-43.15333465,-36.5298751,-9.35758391,-0.6006532214496194,-94.02684186833987
-19.3094864407816,155.43746546,146.02532977,19.21647739,-43.40862741,-35.97703091,-10.26885455,-0.5929698577927989,-81.23279828905483
-18.6292493005737,155.48483905,146.42197787,18.71472604,-43.60242377,-35.39689692,-11.18096267,-0.5860470424760192,-85.85745305859649
-17.8376851058602,155.53236509,146.63475841,18.42615927,-43.82445497,-35.0309877,-11.8466751,-0.5823333214688481,-74.17983376994064
-16.945344246023,155.58482807,146.76692331,18.1843526,-44.00515003,-34.69402799,-12.43952008,-0.5800266088082787,-64.06171329185084
-15.9650068978239,155.65616929,146.81916791,18.00934078,-44.16166302,-34.42213692,-12.9368039,-0.5791147685218914,-70.21597985382932
-14.9114378501855,155.72854204,146.74482217,17.92890467,-44.31574124,-34.26867584,-13.31121104,-0.5804123464697233,-59.623793044296654
-13.8010372587164,155.81077555,146.60126948,17.89068358,-44.44078955,-34.1526817,-13.60139114,-0.5829178135603176,-53.86097590827976
-12.6514046176975,155.8928657,146.38110186,17.86642873,-44.5506857,-34.10342285,-13.80753557,-0.5867604634355975,-59.148550360964556
-11.4808358527634,155.98380211,146.07477039,17.92284094,-44.63217218,-34.07101359,-13.93435377,-0.5921069561895718,-57.9692436026924
-10.3077767900572,156.04698256,145.67848532,17.97845749,-44.72264742,-34.15880079,-13.8802707,-0.5990234354375682,-50.11698984467294
-9.15026198088456,156.1157619,145.216132,18.02659853,-44.75800789,-34.14866659,-13.99640512,-0.6070930231790952,-49.452630264903426
-8.02537233028802,156.1602621,144.68871958,18.05850136,-44.79017083,-34.20028784,-13.94578719,-0.6162981064240062,-53.1330008225972
-6.94874244232067,156.17432131,144.07415091,18.08796539,-44.81452265,-34.28347322,-13.82928055,-0.627024353195109,-51.841418778877376
-5.93414128363631,156.16281908,143.39452417,18.10885704,-44.81428813,-34.34131663,-13.65543035,-0.6388860774927039,-44.637748569529286
-4.99314299547255,156.11526637,142.63514037,18.13009774,-44.80336652,-34.40894923,-13.40509536,-0.6521398250890105,2160.0184141266827
-4.13489856856339,156.05946206,141.8445733,18.1383721,-44.77275499,-34.45810065,-13.05787393,-0.6659378234183545,1878.249852162811
6.52578345576244,191.95935911,153.57212371,30.58718677,29.23853325,14.21709937,6.13734629,-0.4612534555702437,-2799.362465491514
6.7050864619518,191.03547734,151.05620137,30.9872796,27.89420705,11.17970529,6.2070148,-0.505164584127724,-2519.0120446314068
6.83746882206631,190.06469096,148.46994159,31.61534491,26.49100783,8.01817635,6.55827708000001,-0.5503033326006284,-34.205727134791175
6.92113515586124,189.05839193,145.83495357,32.46995509,25.04230704,4.77315822999998,7.15843256,-0.5962925493002342,-21.58946104778412
6.955798087967,188.02676046,143.17177509,33.54706611,23.55773716,1.47184644999999,7.9961033,-0.6427737823444921,-11.23049036890098
6.94260160692995,186.97122035,140.49000727,34.83926075,22.04100294,-1.87068289999999,9.0656003,-0.6895794605775228,1.0470998127599884
6.88396605456365,185.89869338,137.80926262,36.31701955,20.49334941,-5.24995081999998,10.35293066,-0.736367281125246,14.517948914724066
6.78337864894941,184.81966234,135.15106041,37.96509064,18.92676605,-8.63209412,11.82146683,-0.7827616618735355,24.93424318755757
6.64514673472343,183.7368084,132.52993187,39.74326306,17.33868019,-12.02072974,13.46054896,-0.8285089850145274,34.65297299160568
6.4741334096342,182.65361493,129.95497624,41.62116777,15.7382978,-15.38741301,15.22153994,-0.8734504388507923,46.676636965719
6.27549524393398,181.57979563,127.44914803,43.57342559,14.12893892,-18.7234476,17.09060398,-0.9171853916046483,57.48628656405561
6.05443970540812,180.51983375,125.0263295,45.55444142,12.49861257,-22.06831862,19.11175212,-0.9594715521314773,60.80408416827003
5.81601612398267,179.48115997,122.69773635,47.57745485,10.90228995,-25.24528308,21.02652159,-1.0001131695383636,63.01482640925897
5.56494924165903,178.44329281,120.4460645,49.58682953,9.28829386000001,-28.42368714,23.05219455,-1.0394122569953352,72.64536821685815
5.30551930858142,177.43255063,118.30737303,51.57200826,7.68546919000002,-31.51087241,25.08241676,-1.076739464831153,76.82568135747081
5.04148795191503,176.44281354,116.2820268,53.51411684,6.09324061000001,-34.51131029,27.10572973,-1.1120884250375074,77.13782651287637
4.77606579461665,175.46181893,114.35718844,55.3843485,4.50261509999999,-37.4466348,29.1218617,-1.1456831919881953,84.67128192037876
4.51191590637948,174.5105623,112.55995629,57.20299476,2.94324158000001,-40.23596891,31.06142151,-1.1770508104283919,93.06530856749262
4.2511838391142,173.58506259,110.89213456,58.92579455,1.40673415000001,-42.90163906,32.92251216,-1.2061597909531998,88.82356507320166
3.99554170127766,172.69584688,109.37111072,60.53409775,-0.0944828599999994,-45.40431655,34.66061792,-1.2327066649625271,79.33036147910633
3.74623542085533,171.79789335,107.93600222,62.04711232,-1.58804298999999,-47.83145247,36.35957787,-1.257754033410884,84.31377042172672
3.50412898571119,170.92738205,106.63679464,63.43574281,-3.05238684,-50.11662324,37.94986982,-1.2804294833487517,89.01113211725153
3.26974243412785,170.07519371,105.4629522,64.6944377,-4.48730725999999,-52.25812196,39.41622603,-1.3009168988263957,86.27364252669523
3.04328195797042,169.23982313,104.41247478,65.81662334,-5.89365163000002,-54.25858944,40.75702752,-1.3192511885232512,84.97026729322066
2.82466182001675,168.42081257,103.48421374,66.79527353,-7.26964355999999,-56.11391686,41.95308634,-1.3354523999892378,83.14875791003206
2.61351883215252,167.61680716,102.67499869,67.63292967,-8.61725038999998,-57.82970753,43.01607554,-1.3495758669684286,82.29375776140024
2.40922082097416,166.8257765,101.98188257,68.32587432,-9.93203712000002,-59.39596956,43.93910484,-1.3616730253610767,80.960666552079
2.21087081313039,166.0552315,101.4090311,68.87226351,-11.22177503,-60.83049977,44.69407599,-1.371671169637466,79.21064061906068
2.01730864832407,165.29471422,100.94342185,69.28618492,-12.4774351,-62.11434191,45.32152383,-1.3797975840777077,86.23131480167912
1.82711145403271,164.55526446,100.59690705,69.55578635,-13.70131849,-63.25282768,45.78282765,-1.3858454082445972,86.14328388486526
1.63859398913375,163.85844065,100.39903017,69.63365616,-14.89821755,-64.26390457,46.0603792,-1.3892990113141708,73.19448021546381
1.44980937666158,163.15952005,100.27834766,69.60758642,-16.06540755,-65.14058083,46.2137441,-1.391405318463242,73.23043748871827
1.25855027803574,162.48563013,100.27401197,69.44437007,-17.19426254,-65.85301098,46.16310135,-1.3914809905290875,82.86581560367433
1.0623501745292,161.83729894,100.37936777,69.17994483,-18.28343,-66.40973017,46.00263239,-1.389642184933015,83.07885398282977
0.858484160020711,161.22614756,100.62377992,68.69772284,-19.36040949,-66.89375744,45.68527697,-1.3853763881836367,72.86639147734863
0.643968707232072,160.63392381,100.95639465,68.14287067,-20.39269996,-67.19895069,45.15702922,-1.379571166004505,74.41700830733255
0.415561382964715,160.06456366,101.39104154,67.46476513,-21.40820143,-67.43223455,44.61406189,-1.3719851466904511,81.92836261051495
0.169764459056107,159.54302611,101.95979958,66.6744182,-22.36533092,-67.44803113,43.77930957,-1.3620584462452616,71.7300721785552
-0.097162904564445,159.04727685,102.6277181,65.77213854,-23.29722475,-67.36967859,42.89774672,-1.350401068936214,68.31238414526375
-0.389181545086527,158.56624288,103.37418755,64.77865741,-24.21012714,-67.20658939,41.89315378,-1.3373727192681628,75.98835615816756
-0.710436743451399,158.14141939,104.25579579,63.6715121,-25.07071783,-66.86049999,40.66632821,-1.3219857527674506,65.66069494073456
-1.06520733954605,157.73922867,105.22395673,62.47011525,-25.90169142,-66.40874762,39.32609299,-1.3050881566752472,59.85225140740402
-1.45783566388855,157.34872826,106.26008155,61.19184595,-26.71548729,-65.89652623,37.96855926,-1.2870043671046136,67.21886904637708
-1.89263424328162,157.01258249,107.41665405,59.81328951,-27.48646852,-65.23970581,36.40924245,-1.2668183689415913,61.227555150003
-2.37376532734139,156.70223705,108.64950306,58.38406793,-28.22160084,-64.46812986,34.73587296,-1.245301094537139,50.09001403575741
-2.90508973009666,156.41631137,109.96015942,56.84947196,-28.94372614,-63.65637844,33.02047324,-1.222425825692935,49.811820770300216
-3.48998236039005,156.14547259,111.32591921,55.28085498,-29.61679275,-62.69547328,31.15541967,-1.1985888205660886,54.04058076028173
-4.13111319412092,155.92736156,112.7890655,53.65233244,-30.28300243,-61.7213478,29.27492958,-1.1730521003672487,45.9662425815921
-4.83019437566528,155.73286422,114.31196508,51.96426758,-30.91873727,-60.66518141,27.33056583,-1.14647248851901,36.920789244470065
-5.58770248310063,155.55632068,115.88133875,50.23044294,-31.5308607,-59.54966192,25.3176494,-1.1190817507834032,35.841596317427445
-6.40261357249826,155.41582507,117.50955149,48.47436788,-32.1259092,-58.40244144,23.30528092,-1.0906640775474845,29.71656751106666
-7.27221542704935,155.29983099,119.17896922,46.69193504,-32.70052551,-57.21498444,21.27238639,-1.061527241567815,23.979153642306184
-8.19203120103455,155.20280054,120.87740129,44.89047241,-33.25854046,-56.00298962,19.2356614,-1.0318840098248523,20.306464278658787
-9.15582933010293,155.13394891,122.61399012,43.07450856,-33.79285869,-54.74774382,17.14772829,-1.001574816987996,11.428590474984457
-10.1556850945113,155.08148278,124.36159856,41.25958872,-34.31477734,-53.48910185,15.09508383,-0.9710732956743542,3.4579039099114084
-11.1820850670355,155.04215279,126.11449202,39.44677536,-34.81842832,-52.211921,13.04707721,-0.9404795333606788,-8.714804200996618
-12.2240772170316,155.01366494,127.86560816,37.63132326,-35.30529183,-50.92407666,10.9970078,-0.9099167911328649,-12.02965394410116
-13.2694664314073,154.9744846,129.56506177,35.85282108,-35.78592823,-49.66124607,9.01095672,-0.8802557301534611,-16.136041918916
-14.3050496166707,154.97434401,131.30069292,34.07107521,-36.23509505,-48.35490235,6.9668191,-0.8499632519857858,-34.76347851319339
-15.3168820890823,154.9293803,132.92317881,32.33443774,-36.68185158,-47.09218132,5.00557273,-0.8216455311381351,-34.18228387228499
-16.2905679891146,154.90834711,134.53659762,30.62019423,-37.1082078,-45.82970613,3.03767665,-0.793486060690026,-39.3825866263886
-17.2115342945981,154.88307777,136.08544579,28.94844292,-37.52277746,-44.59672329,1.09725778,-0.7664535605100375,-56.43105526230929
-18.0651865494024,154.84569632,137.54685672,27.33590792,-37.919653,-43.38295638,-0.817803309999999,-0.7409471280569051,-64.07426220916612
-18.8369060271605,154.80655925,138.92438664,25.79272711,-38.31139588,-42.2351166,-2.66173981,-0.7169046954081709,-74.77719714105157
-19.512022150477,154.75483828,140.18999734,24.33627211,-38.69545102,-41.15360855,-4.43840573,-0.6948156216447008,-87.59619194733448
-20.0759287027566,154.69377476,141.33488571,22.9832619,-39.08006476,-40.17160933,-6.11585415,-0.6748335500204095,-95.63263379197102
-20.5143967342641,154.60807158,142.33124875,21.7502181,-39.4502725,-39.25228229,-7.71103904,-0.6574437344272299,-93.13294182133336
-20.8140552339281,154.52166139,143.19745015,20.64799314,-39.82405251,-38.45931051,-9.16449229,-0.6423256680118451,-99.39684996692732
-20.9629888869049,154.44268307,143.93888771,19.68505857,-40.20164309,-37.79987866,-10.48355871,-0.6293851413918924,-115.23200410411327
-20.9513939408906,154.32816843,144.49051259,18.88392329,-40.56996696,-37.24055753,-11.663199,-0.6197574709999735,-113.28361801095643
-20.7722299105941,154.20382966,144.88629592,18.24274529,-40.93508197,-36.80767183,-12.66688518,-0.6128497487669662,-101.27644565295579
-20.4218072401373,154.07877765,145.13450771,17.7660084,-41.29563817,-36.49881505,-13.51072344,-0.6085176357891975,-96.7819872096154
-19.9002577835122,153.96070448,145.25343284,17.44347403,-41.64968167,-36.30943696,-14.20320169,-0.6064420007073356,-93.72007058170095
-19.2118431756971,153.83818105,145.22398289,17.28464469,-41.99344825,-36.23075044,-14.72198872,-0.606955999299383,-85.0952136690386
-18.3650691457034,153.72705186,145.08359331,17.26387871,-42.32498905,-36.25281626,-15.08510938,-0.609406259705875,-76.18491688385798
-17.3725941744322,153.62459548,144.82589841,17.37964584,-42.64269843,-36.36555906,-15.31041931,-0.6139038841764725,-64.88929257260966
-16.2509398466298,153.53756162,144.47724636,17.60568619,-42.94512702,-36.55898695,-15.41492968,-0.6199890103928003,-53.544523280283364
-15.02002158631,153.47084264,144.05602567,17.94577641,-43.25298724,-36.89058037,-15.27577766,-0.6273406983108228,-41.30162675349602
-13.7025257978309,153.41891601,143.56411189,18.32348098,-43.48981433,-37.10877626,-15.31125247,-0.6359262134077539,-25.76382087030926
-12.3231657541787,153.40181151,143.04951204,18.76255313,-43.72502776,-37.42501699,-15.14504915,-0.6449076751205228,-16.883203409057135
-10.9078549521149,153.40079405,142.5033616,19.21246592,-43.92921874,-37.7342947,-14.94227898,-0.6544397985097384,-9.631346404389562
-9.48284279369604,153.42295959,141.94626478,19.65497496,-44.10384802,-38.02743835,-14.72975538,-0.6641629722711285,-0.5995432873440176
-8.07385886607755,153.46228614,141.38742776,20.06351174,-44.24373435,-38.27791802,-14.52524989,-0.6739165182521619,8.85921972461956
-6.70530690991452,153.51730998,140.83958239,20.41377463,-44.34673106,-38.46739483,-14.35208797,-0.6834782237504686,15.564725841566984
-5.39954246971786,153.59254461,140.32225351,20.69835089,-44.40730869,-38.56957901,-14.20453674,-0.6925073160221235,3389.4956199288235
-4.17626172220536,153.67175844,139.82207931,20.89075698,-44.42839705,-38.58033243,-14.1265314,-0.701237002645652,3079.7322961582186
4.77861454190478,193.82077785,158.67745863,38.45903544,34.81814422,22.24955626,17.16441106,-0.3721485517992026,-3992.163830283049
5.11964047930456,193.13463546,156.45014249,38.28492831,33.81221318,20.01371426,16.29510729,-0.4110225519250136,-3711.853899316269
5.44446818659456,192.40739333,154.15924989,38.16662795,32.75623335,17.69259319,15.45517,-0.45100617060458664,-36.504749874686304
5.74941402013735,191.64012545,151.81084941,38.13849349,31.6369987,15.24862411,14.72743922,-0.49199349113600205,-26.53387933491569
6.03074717812023,190.84956375,149.43188434,38.23147491,30.46152411,12.70111502,14.15289261,-0.5335142643974393,-40.69921763552404
6.2848150268614,190.02595363,147.0195284,38.46456907,29.23997782,10.08436157,13.7151474,-0.5756178182804821,-49.29799583851047
6.50812564635767,189.10213717,144.47132945,38.98043811,27.95729556,7.34586045999998,13.56842795,-0.6200922799538444,-17.362739602364563
6.69740846567356,188.18121508,141.94575068,39.66779262,26.62847144,4.53711632000002,13.6494145,-0.6641719450088132,-7.644374572124413
6.84968642468363,187.23881698,139.41129339,40.56635814,25.25143077,1.65476212999999,13.98273227,-0.708406569470486,-13.975376664821049
6.9623652407718,186.24125829,136.82817392,41.73064092,23.83215577,-1.28840952000002,14.60278293,-0.7534905091943567,-7.123095339107621
7.03333039399185,185.2440846,134.27118432,43.10935753,22.38586006,-4.24496428,15.45989372,-0.7981183966536096,0.19491662553434708
7.06104204353445,184.16917757,131.66978483,44.67210998,20.89301647,-7.26182596000001,16.55566371,-0.843521382913811,26.609912858450713
7.04461894843466,183.11097389,129.13219204,46.40598523,19.37472906,-10.28305074,17.85954456,-0.8878107321741798,37.61258714540805
6.9839039290635,182.06200066,126.66385931,48.29673734,17.83059707,-13.30983682,19.37782154,-0.9308912653474202,34.19061258347451
6.87950526758886,180.96668019,124.20870401,50.23490908,16.27657229,-16.28652936,20.95659223,-0.9737418089802092,57.1430064801282
6.73281051147551,179.89195003,121.85383157,52.23956413,14.71730483,-19.20321015,22.59898556,-1.014842086522682,76.28996999686332
6.54597123982719,178.83907908,119.61262129,54.28212007,13.15236735,-22.06946744,24.34193533,-1.0539585851382258,79.68613462981943
6.32185935423709,177.80072297,117.48091316,56.29601736,11.58206755,-24.87675833,26.10778429,-1.0911639106982574,85.84011321247642
6.06399788820547,176.78282769,115.47310649,58.26199853,10.0012467,-27.6458797,27.93364208,-1.1262067478332605,95.08094394206078
5.7764713900446,175.7909357,113.59982237,60.15647825,8.44155420999999,-30.28706123,29.67783571,-1.1589017235525851,102.22984222882481
5.4638195279753,174.83712886,111.87836537,61.95210619,6.91391253,-32.76639346,31.26322515,-1.188946816134089,105.54279479903616
5.13091490611137,173.91444237,110.30446543,63.64163361,5.38324168,-35.19574095,32.87201545,-1.2164165521840304,107.33483255247256
4.78282759572499,173.02937992,108.88833992,65.20559149,3.87623174999999,-37.49595823,34.38308713,-1.241132604955014,106.66432243241263
4.42468201496704,172.1784494,107.62409178,66.62598516,2.38823203000001,-39.68394067,35.79073403,-1.2631978975602285,104.25576282867333
4.06151215153998,171.35975295,106.50945602,67.89872957,0.923005240000009,-41.74540411,37.07463906,-1.2826519615326977,103.99100161713636
3.69811992023468,170.57140293,105.54105965,69.01010658,-0.527805369999982,-43.71923573,38.2882319,-1.2995536666535592,105.13163536984172
3.33894030384628,169.81959061,104.72639667,69.96073087,-1.94286230999998,-45.53717556,39.32916591,-1.3137722179486677,98.47608057608869
2.98791599607813,169.10251922,104.06038742,70.75559894,-3.31102394999999,-47.16994147,40.16468915,-1.3253962722099057,90.00007232334406
2.64838364089136,168.39810948,103.5075637,71.38603538,-4.67770193000001,-48.75134538,40.95309149,-1.335044866307029,88.84724046450243
2.32297346386426,167.72494314,103.09537762,71.85483949,-6.00107867,-50.1653095,41.55562293,-1.3422388705339179,84.28105073424507
2.01352406524256,167.06992213,102.79778792,72.17149483,-7.2938182,-51.44809408,42.00970796,-1.3474327906189398,78.36933955972735
1.72101428163774,166.43163088,102.61326267,72.3364399,-8.55590212000001,-52.60191097,42.31689803,-1.3506533637845055,74.0804529770056
1.44551418335126,165.809997,102.53703538,72.3517681,-9.78486138,-53.62194281,42.47346517,-1.351983780974878,68.35131022356889
1.18615731871521,165.20059499,102.55559745,72.23366013,-10.98486529,-54.52234151,42.49082107,-1.3516598117373926,63.94060140439528
0.941136137098922,164.60381991,102.667907,71.97977256,-12.15348002,-55.2974756,42.36556813,-1.3496996403084593,60.369106230773184
0.70772205744914,164.01695305,102.86428489,71.6038479,-13.29444797,-55.96043476,42.10375856,-1.3462721995498401,57.171755543565794
0.482310894402927,163.44302216,103.14466812,71.10694504,-14.40610003,-56.50825168,41.70607602,-1.3413785890189633,53.78681686835307
0.260493705543402,162.87975872,103.50054236,70.50192211,-15.49127036,-56.95080807,41.17674625,-1.335167411807931,50.880265959807325
0.0371534973162036,162.32742416,103.929605,69.79000326,-16.55089199,-57.29251127,40.52507929,-1.327678856042632,48.89462406844069
-0.19341113887132,161.78675077,104.42832228,68.98145587,-17.58625737,-57.53941999,39.75424086,-1.3189745974700413,47.16762077358272
-0.437336094174262,161.2597768,104.99468744,68.08054817,-18.59945462,-57.69910113,38.86942381,-1.3090896606594566,45.29971879354555
-0.701019405245652,160.74743132,105.62635276,67.09778045,-19.59067554,-57.77452356,37.88359399,-1.2980650210547933,43.68417920605383
-0.990931811942531,160.24965445,106.31931815,66.03445271,-20.56375308,-57.77794158,36.78874765,-1.2859704933969267,42.953430792198596
-1.31341518009037,159.76979124,107.07467515,64.89962496,-21.51754785,-57.71033034,35.60877764,-1.2727870267189398,39.8092445793341
-1.67447353610551,159.30901635,107.89005389,63.69880735,-22.4545201,-57.57888223,34.33792872,-1.258555983055177,39.292599195472896
-2.07956140090056,158.85983422,108.75108771,62.4467562,-23.3733645,-57.38293082,32.9990545,-1.243528107925153,43.41621007935004
-2.53337389157033,158.44325915,109.68591964,61.12477749,-24.27808532,-57.14002669,31.58322775,-1.2272122127938798,41.361809196767126
-3.03964275574449,158.04644809,110.67625683,59.74374856,-25.16239574,-56.8338821,30.0996303,-1.2099275681234312,39.79852825772845
-3.60094219198944,157.6781391,111.7187711,58.33428743,-26.03772313,-56.50169976,28.57801426,-1.191732261612906,41.359683385737696
-4.21850805684755,157.34148394,112.82945472,56.86350125,-26.88759819,-56.09865643,26.98803875,-1.1723471754959365,43.98124122606095
-4.8920739139037,157.02998654,113.98859609,55.35645259,-27.72302378,-55.6624457,25.35862817,-1.1521163420933584,44.386963954634595
-5.6197273731584,156.7841541,115.23464656,53.87062174,-28.54288218,-55.19924126,23.74709095,-1.1303686587458357,32.72461804227466
-6.39779147145842,156.5475743,116.51273965,52.32432316,-29.33710697,-54.673889,22.06357964,-1.1080617261783474,28.28096089747767
-7.22075016528,156.33700744,117.82733665,50.76790379,-30.11646181,-54.12381488,20.37638135,-1.0851176801915074,33.55358485978454
-8.08126055116436,156.16341342,119.19892118,49.18399689,-30.86578407,-53.5132989,18.63574935,-1.0611790141735886,31.828890635541285
-8.97028057719987,156.0199439,120.61227462,47.58716877,-31.58831107,-52.85456299,16.87041574,-1.0365113431512007,28.101333356197422
-9.87729274800326,155.90806044,122.06746882,45.97695191,-32.28117667,-52.1437919,15.07575437,-1.0111134131052757,27.184616619876323
-10.7905894267816,155.82746113,123.55822137,44.35516955,-32.9452432,-51.38743014,13.25322232,-0.9850948727752743,17.407542204258597
-11.697603753494,155.78175137,125.09177284,42.73031921,-33.57358103,-50.57421008,11.40830082,-0.9583293503749751,7.439261733098768
-12.585279055248,155.73278767,126.60390599,41.10913552,-34.17455652,-49.72089184,9.55677678999999,-0.931937648178922,11.964125557337724
-13.4404685182295,155.72851332,128.15870069,39.47885448,-34.73914681,-48.81640275,7.66659729,-0.9048013614713647,8.018758168658557
-14.2503541939554,155.7446951,129.71814,37.86847402,-35.27310327,-47.88185087,5.77719588,-0.8775840110268359,-9.90352526525129
-15.0028704292947,155.77372394,131.27157264,36.25945142,-35.76763097,-46.89112834,3.86143676,-0.8504714967508884,-14.427656051195736
-15.6871153969604,155.79137625,132.77563099,34.6750481,-36.23296559,-45.87975847,1.97117206,-0.824220726401275,-18.85247585737382
-16.2937358297273,155.85913426,134.30178021,33.12026897,-36.65813662,-44.82619066,0.049418579999994,-0.7975843976355317,-30.86102178950556
-16.8152715353307,155.88859426,135.72510525,31.60840422,-37.06768383,-43.80039212,-1.80733918,-0.7727426893614514,-37.251941035429944
-17.2464241200449,155.96471066,137.15516715,30.13331601,-37.43547404,-42.73808461,-3.68849402,-0.7477834006991255,-54.94967738908789
-17.5841767035117,156.00662197,138.46114161,28.7406873,-37.79867051,-41.75055103,-5.45533336,-0.7249898464251708,-57.557487270885055
-17.8277405178808,156.04991344,139.69371563,27.41503465,-38.12507416,-40.75075709,-7.20974172,-0.7034773715016281,-51.09604799654828
-17.9784186318787,156.11573214,140.86739786,26.15950924,-38.43829522,-39.81546609,-8.89082605,-0.6829927522159788,-73.06710434133112
-18.0394859771702,156.15797764,141.93950532,24.95431513,-38.70369227,-38.85349983,-10.55986284,-0.6642809471037856,-89.2879430819482
-18.0161035341948,156.20835943,142.85501044,23.96058421,-39.01206604,-38.1174581,-11.98747305,-0.6483023684409198,-83.71087435689483
-17.9152378146878,156.24387863,143.67371278,23.01376871,-39.27342319,-37.36798653,-13.40217502,-0.6340133170141379,-82.72267591572957
-17.7455468184931,156.27306526,144.36299504,22.19087213,-39.52436314,-36.70907193,-14.68861278,-0.6219830721015503,-82.70526451110926
-17.5171883230893,156.30160125,144.93395422,21.47650434,-39.76181411,-36.13252254,-15.87420975,-0.6120179545160631,-78.39447055563053
-17.2415037308293,156.31918263,145.39711338,20.82252614,-39.97942404,-35.62662586,-16.97064137,-0.6039343022132918,-82.17911755481255
-16.930531180855,156.36651467,145.74502843,20.34869648,-40.1921212,-35.21611993,-17.94360078,-0.5978620390735514,-88.13042850471575
-16.596305508937,156.38152225,145.96038006,19.92667041,-40.38042781,-34.86424121,-18.81034739,-0.5941034440805145,-80.04396901438504
-16.2499100496073,156.40504279,146.05115248,19.64355795,-40.5692227,-34.61959886,-19.56133158,-0.5925191664815113,-65.09886821853273
-15.9002562663796,156.42426484,146.06502858,19.37796533,-40.74276463,-34.44519226,-20.1999166,-0.5922769828491757,-63.020715150148284
-15.5525817677276,156.45430669,145.98428749,19.16848117,-40.891329,-34.28765928,-20.86076659,-0.5936861807113244,-63.68477627862301
-15.2066754184142,156.47714258,145.808595,19.00485088,-41.02918108,-34.19402686,-21.42269333,-0.5967525931328518,-60.446155535932576
-14.8548600270685,156.49917849,145.55253561,18.87348817,-41.13952835,-34.09848024,-21.97707813,-0.6012216725689998,-49.27204802852136
-14.4797885912188,156.50540016,145.20583046,18.74193921,-41.27359296,-34.14536574,-22.35336193,-0.6072728189701211,-35.02431447924392
-14.0521394942085,156.52544405,144.83847569,18.55071319,-41.33631342,-34.03137359,-22.97133039,-0.6136843692295274,-38.527726104080614
-13.528329594286,156.53446739,144.40239138,18.35451211,-41.40871577,-33.99785285,-23.45305272,-0.6212954762553148,-32.09384208797461
-12.848845568259,156.53099774,143.90366816,18.14566667,-41.47069572,-33.97237742,-23.91856028,-0.629999838500463,-19.760766144067965
-11.9424695920311,156.54069951,143.41506813,17.85506682,-41.49769775,-33.87250369,-24.41712394,-0.6385275177493059,-12.681443662603264
-10.7450739172326,156.53285679,142.85563978,17.60054266,-41.52081913,-33.7919836,-24.84403013,-0.6482913843858055,3.286952400347598
-9.22706730027329,156.55451986,142.35508556,17.26472393,-41.48237242,-33.55358511,-25.31962322,-0.6570277036095574,0.08462054345459435
-7.40688986997965,156.57505665,141.82644425,16.97442187,-41.41983006,-33.27533455,-25.70373559,-0.6662542350311131,5.832124160615182
-5.34039321263091,156.60976127,141.29558783,16.71222268,-41.33772295,-32.96537569,-25.97949001,-0.6755194274154634,26.030543831933038
-3.0991131728139,156.67437544,140.83066433,16.45963749,-41.16962878,-32.43962563,-26.26073504,-0.6836338732603593,26.508315497366652
-0.751853802773111,156.76536766,140.38523413,16.27402056,-40.96538702,-31.84404148,-26.39347593,-0.6914080968381762,26.17408669093435
1.64683643747439,156.88885427,139.98676587,16.13652495,-40.70567983,-31.12300555,-26.42058583,-0.6983626799398688,38.89229745955514
4.06059516738228,157.0416245,139.6248469,16.08946212,-40.37988737,-30.25944779,-26.32171752,-0.7046793575917955,45.84625992216762
6.46760303601492,157.24561593,139.36570386,16.06579803,-39.97964577,-29.21816968,-26.11121747,-0.7092022568734228,45.219470299874274
8.85338086013697,157.47226858,139.12713939,16.14829122,-39.5163125,-28.04356002,-25.76949355,-0.713365992353198,43.78845913819873
11.2028461793814,157.74977614,139.00373033,16.27126098,-38.95574709,-26.65771574,-25.30663796,-0.7155198867769893,40.19682111967793
