knee_moment,thigh,shank,foot,thigh_,shank_,foot_
6.1221323547622,220.97345571,193.51849764,28.38912143,54.29755208,54.32402363,2.03419214
6.40098389415218,220.46165915,190.99220404,29.03779749,53.36570328,52.11718159,1.79766689
6.65247892798932,219.42508647,187.84525365,29.56058188,52.3530076,49.69502888,1.65397167
6.87337866797067,218.89143364,185.34344473,30.11293152,51.32064115,47.35693177,1.09868803
7.0611886809698,218.17429717,182.62388143,30.62936891,50.20748748,44.8554877,0.597946919999998
7.21433324423199,216.98666915,179.27317457,31.39977813,48.98591021,42.03564994,0.603662360000001
7.33228999037757,216.27944884,176.54650609,32.29344626,47.75084617,39.32090949,0.314590109999997
7.41566114737424,215.37729419,173.59565232,33.23159336,46.43375464,36.43316801,0.183828550000001
7.46609200151082,214.35556972,170.51676402,34.36171428,45.0643614,33.45343414,0.275729350000006
7.48598530832611,213.27240861,167.37925235,35.70304819,43.64246698,30.38573671,0.599683669999997
7.47810882265022,211.75809153,163.71706725,37.39065195,42.10144389,27.02090349,1.60854966000001
7.44523959379589,210.86572609,160.93502796,38.98686007,40.65776924,24.05753368,2.05097329
7.38991003484918,209.74985974,157.91179889,40.77099856,39.11943825,20.88121743,2.85994617999999
7.31426256437859,208.20260706,154.41134752,42.88273758,37.43524892,17.37768861,4.34655209
7.22000400818901,207.16284834,151.61168712,44.85983434,35.90378561,14.36811697,5.35843183
7.10844292111094,205.91363758,148.62363062,47.060014,34.25747357,11.10959072,6.78848737
6.98058751721145,204.63201007,145.66624008,49.31758427,32.58675508,7.87257853000003,8.34747071
6.83728068370822,203.31343232,142.75156835,51.61418925,30.88651495,4.62773754,10.03434607
6.67935439146565,201.96863664,139.89164116,53.91452621,29.16242748,1.39791782,11.79888988
6.50779066454418,200.60894882,137.10163568,56.18546595,27.42117843,-1.80341949000001,13.60683403
6.3238664232211,199.2440333,134.39162951,58.41052213,25.66407602,-4.96961433999996,15.42666191
6.12925005295928,197.50125988,131.29039247,60.58933978,23.90407688,-8.06650820000004,17.30258339
5.92603084714532,196.39777786,129.10739368,62.53546789,22.1146203,-11.17231953,18.9740665
5.71668348384078,195.16957057,126.8266683,64.56317495,20.36218854,-14.14130227,20.73213601
5.50397922859498,193.69223173,124.29620375,66.5153264,18.6263545,-16.98898052,22.43639666
5.29085799121751,192.40373259,122.14772545,68.24222024,16.84210874,-19.89514326,24.07534939
5.08027631577827,191.28450348,120.32741093,69.72253348,15.04677865,-22.7757294,25.63457299
4.87504600293343,190.13236693,118.52558043,71.2437762,13.29046053,-25.50271987,27.16375576
4.67767662950682,188.97856055,116.81234783,72.62582051,11.54720431,-28.14038775,28.61457751
4.49023312754244,187.85031903,115.22696646,73.86402965,9.81628345000001,-30.69662503,29.98379612
4.31421715878542,186.73151639,113.73512504,75.02856373,8.09652591,-33.16712307,31.30688838
4.15047846341289,185.65527966,112.39857335,76.03729623,6.399036,-35.54032146,32.5368522
3.99915981418992,184.63715879,111.23522177,76.83810689,4.70843898000001,-37.83556484,33.63092958
3.85967683647889,183.62928469,110.16236125,77.68702273,3.04767361,-40.02074858,34.768716
3.73073190087162,182.67195294,109.25501242,78.23888969,1.39206456000002,-42.13949692,35.69463579
3.61035962779395,181.74869969,108.48192131,78.73291692,-0.236872769999991,-44.15102028,36.5907553
3.49600026442821,180.85898946,107.84689569,79.06413828,-1.83914121000001,-46.03955907,37.34464124
3.38459627268247,180.00344664,107.34976259,79.26904919,-3.41404992,-47.81436326,38.00041781
3.2727068678484,179.46516228,107.23229233,79.70111296,-4.92675287,-49.50191361,39.02701646
3.15663491852253,178.59160253,106.88419715,79.44831152,-6.4748218,-51.10394724,39.23648208
3.03256046262119,177.89941402,106.88213459,79.33325117,-7.96574737,-52.54728362,39.78609422
2.89667498414398,177.11706727,106.80717636,78.94763569,-9.44182329,-53.94870747,39.89987499
2.74531043840492,176.85879061,107.4819353,78.53858295,-10.8191854,-55.0872873,40.24941534
2.57505681275003,176.07645863,107.60131972,77.86577929,-12.21944981,-56.19486889,40.05447243
2.38286183248782,175.57840249,108.18771549,77.15611368,-13.5567984,-57.11782568,40.09676103
2.16610634845505,174.90751094,108.55741203,76.35540855,-14.92021506,-58.07962651,39.82638741
1.92264907873022,174.34739515,109.20206967,75.40485987,-16.19684146,-58.80154465,39.48810053
1.65083481705686,174.37403608,110.66613451,74.09432554,-17.31729342,-59.12846675,38.84170507
1.34946099033226,173.71459177,111.32025272,72.99172986,-18.55582218,-59.67862889,38.2662923
1.01769855559884,173.61732663,112.78439659,71.5186509,-19.62779548,-59.81910837,37.44929364
0.65496765603675,173.02008508,113.64813706,70.25063507,-20.77621302,-60.10509271,36.68927551
0.260781892905026,172.83720657,115.1909938,68.61597978,-21.7371118,-59.89999895,35.68126589
-0.165411051069545,172.60538498,116.68757427,66.95995862,-22.73581266,-59.770623,34.54753057
-0.624369338894029,172.16284145,117.91998634,65.41024706,-23.76603558,-59.71206952,33.42185964
-1.11716863579014,172.31074013,120.07453989,63.33063026,-24.53313915,-58.95085937,31.81439901
-1.64527720315318,171.8910462,121.47713135,61.62922098,-25.4961779,-58.67512875,30.51625037
-2.21057771701358,171.53929802,122.97896944,59.80914419,-26.27585737,-57.87730302,28.75115571
-2.81531581505809,171.98502823,125.74328997,57.3300426,-26.93145674,-56.85007294,26.94542786
-3.46195692635085,171.66669774,127.43612495,55.40387324,-27.77006834,-56.20731558,25.34907539
-4.15293670818829,171.57715363,129.51041176,53.21813999,-28.44842017,-55.1677966,23.51074224
-4.89030662903459,171.97047891,132.21179466,50.69762178,-29.0135657,-53.85662831,21.1652727
-5.67534919536415,171.65507511,133.91706747,48.70026419,-29.70474916,-52.79679776,19.13128545
-6.50833121624066,171.98662083,136.69762994,46.06176869,-30.22084479,-51.4037,16.96621959
-7.38850199788474,171.74332496,138.52248043,43.98920626,-30.85175402,-50.19883594,14.78025036
-8.31426512583846,171.80845911,140.93599549,41.5046069,-31.32977606,-48.64028892,12.5319244
-9.28341149900139,172.42660955,144.01354151,38.75288674,-31.76069798,-47.07201148,9.92511017
-10.2933811505176,172.32616769,146.05806368,36.55132673,-32.29462893,-45.65982189,7.6613872
-11.3415541647883,172.74669911,148.82708724,33.92259756,-32.726385,-44.12561994,5.15877123
-12.4255579385371,172.65286277,150.81769681,31.78391308,-33.24445622,-42.73022105,2.89975067
-13.5435559078021,172.72425597,153.02925985,29.46305948,-33.70369314,-41.25317717,0.526650609999997
-14.6943091361827,173.28488051,155.76774473,27.03307016,-34.13306871,-39.84498792,-1.89921167
-15.8765633580423,173.17781325,157.57737387,25.04192129,-34.65684026,-38.60121159,-4.02559387
-17.0876280599047,173.50084134,159.85258878,22.81944611,-35.10838028,-37.32166492,-6.33217976
-18.3216965969521,173.41697876,161.52357577,21.02004143,-35.64219042,-36.2219094,-8.30660667
-19.5685234569987,173.33417549,163.10227621,19.26635955,-36.1679747,-35.21996979,-10.24216362
-20.8127174226684,173.745581,165.16078178,17.39955949,-36.63468102,-34.19755407,-12.29946927
-22.0338088324171,173.53172174,166.34987017,16.01738248,-37.21540152,-33.46791085,-13.88560413
-23.2071337784605,173.85282362,168.02163465,14.72485344,-37.73857593,-32.77115545,-15.37190776
-24.3052518386061,173.57507163,168.90436702,13.47102545,-38.34665154,-32.23158421,-16.93538822
-25.2994950148374,173.36613285,169.79405267,12.2941783,-38.91167056,-31.69102248,-18.43256515
-26.1614260104705,173.49318238,170.67655264,11.70845857,-39.53950374,-31.57952417,-19.44327263
-26.8641456335652,173.18261386,171.16834957,10.94342062,-40.13231171,-31.38697802,-20.42546221
-27.3834302177655,172.96766066,171.81677578,9.99425975,-40.62959037,-30.9205352,-21.77606107
-27.6986867656446,172.83219645,172.3373729,9.13191714,-41.08668638,-30.4941813,-23.23535136
-27.7937194575907,172.67976686,172.72563481,8.50470245,-41.54819978,-30.2328296,-24.37258051
-27.6573061303886,172.37188635,172.5720205,8.33908477,-42.19470264,-30.53901702,-24.72200201
-27.283587178318,172.33522039,173.10128412,7.65337624,-42.49718342,-30.08755216,-26.15216617
-26.6722721751569,172.0876594,172.96458188,7.5275056,-43.05840013,-30.36022491,-26.45482241
-25.828671701569,172.05483363,172.99260838,7.31409033,-43.36795989,-30.18843944,-27.64957046
-24.7635637188981,171.90084171,172.80828594,7.29424037,-43.78901901,-30.43908522,-27.95922495
-23.4929055466149,171.77700014,172.49965063,7.39178729,-44.17432803,-30.6876861,-28.32576889
-22.0374041908783,171.63508757,172.01027314,7.8695144,-44.4864649,-30.74897709,-29.12700884
-20.4219595411997,171.53096133,171.62007821,8.03756279,-44.81736451,-31.06987852,-29.22767069
-18.6749968779298,171.42359558,171.02587213,8.38462809,-45.16890028,-31.51922545,-29.28952796
-16.8277072166404,171.13182321,169.85965344,9.41636116,-45.58506364,-32.17881653,-29.36860135
-14.9132161594578,171.01533869,169.11521474,9.86315566,-45.8823458,-32.60846502,-29.34566451
-12.9657039487617,170.87481919,168.1779969,10.49430592,-46.22095138,-33.24518441,-29.21635393
-11.0195010981192,170.16303064,166.56631413,11.13558616,-46.31622807,-33.27907656,-29.89798738
-9.1081850366484,170.16238573,165.71740275,11.73981197,-46.6153043,-33.94781099,-29.61886063
-7.26370332435855,170.11618099,164.71629521,12.40970319,-46.92795406,-34.69771532,-29.32139553
-5.51554789258786,170.02678141,163.61076541,13.07574169,-47.2301195,-35.45329124,-29.04011384
-3.89000235118643,169.4835808,162.11839213,13.45326081,-47.30907931,-35.64611063,-29.42679179
-2.40948086173552,169.49764245,161.14188067,13.88291796,-47.59747914,-36.32132295,-29.27207206
-1.09197273730802,169.43815003,160.04212334,14.32767678,-47.86778524,-37.00968914,-29.05668994
0.0493933843611222,168.91003151,158.63936631,14.04864535,-47.88580318,-36.96751142,-29.99786466
1.00662110715867,168.87098037,157.52877103,14.48904314,-48.14596753,-37.65443509,-29.63464955
4.97955098482065,217.15294642,182.65094632,39.66491901,47.08916903,41.28443318,10.42710963
5.38231577399199,216.45688887,179.76497873,40.77284505,45.99404918,38.59887559,10.49272527
5.78358161953958,215.6444507,176.78627522,41.81195443,44.87488552,35.90868987,10.41134038
6.18009153129637,214.79123466,173.77041704,42.98621484,43.70173922,33.13010036,10.46149325
6.5693346859898,213.8548542,170.66298462,44.28616726,42.48136879,30.26486643,10.62899058
6.94944060085238,212.92552469,167.60209489,45.71376035,41.21563511,27.35503516,10.93160683
7.31887163802954,211.94208994,164.50640356,47.26990751,39.90048499,24.3625036,11.40312479
7.67606294179894,210.9369728,161.44223615,48.92728793,38.54907514,21.34897797,11.99542296
8.0191288975126,209.89999728,158.41750301,50.6687736,37.16234327,18.32769622,12.71775799
8.34567331966127,208.86661891,155.44113422,52.50999998,35.7453923,15.29228352,13.57399138
8.6527065495992,207.79309872,152.51949589,54.39569359,34.29789637,12.26437278,14.54335822
8.93666391675718,206.68458137,149.63157513,56.33636381,32.8174437,9.23935993999999,15.62056463
9.19351226244019,205.14955162,146.34070573,58.26902799,31.22785828,6.03095686000003,17.03920745
9.41892558430731,204.26319173,143.89968569,60.2073357,29.77694026,3.26158911999997,18.04835847
9.60851188942139,203.1860826,141.32631229,62.18490798,28.23209209,0.329874389999958,19.30279612
9.75807712849077,202.00572713,138.72369659,64.12523001,26.65956908,-2.58251494999999,20.62329434
9.86390052632605,200.79899807,136.19635074,65.99880516,25.07089914,-5.43950965999997,21.95509377
9.92297942502591,199.55618283,133.72411249,67.80682625,23.46360196,-8.26128555,23.29465606
9.93321127749305,198.30617981,131.34427864,69.52716299,21.84624196,-11.02717562,24.61439527
9.89350347854927,197.03416971,129.03943057,71.15319276,20.22401317,-13.72694764,25.89604309
9.80381348820408,196.19464001,127.35905139,72.22342391,18.6952466,-16.16071665,27.00927103
9.66512575842257,194.26110141,124.41056238,74.12876682,16.96798177,-18.9165056,28.36406467
9.47937512435567,193.23317799,122.74233999,75.29936317,15.32453332,-21.4849119,29.50553134
9.24932839544855,192.10870654,121.02465069,76.45936981,13.70118625,-23.92319532,30.53144576
8.97843681292892,190.73971645,119.04128696,77.70327461,12.09259168,-26.223773,31.58491611
8.67067193881203,189.59303371,117.50196865,78.59070761,10.45391946,-28.58591924,32.59106361
8.33035666873002,188.66055325,116.36350904,79.08925928,8.88254727999998,-30.7265475,33.3091217
7.96200166637488,187.4011332,114.81587954,80.09217077,7.27138908000001,-32.92279338,34.35483309
7.57015577982672,186.4911886,113.89536568,80.35077241,5.69336577999999,-34.97860145,34.95162136
7.15927706321649,185.55799108,113.03045009,80.59692438,4.11640016999999,-36.98436356,35.5145582
6.73362900564006,184.54032977,112.04597526,81.33027483,2.55053470999999,-38.92755023,36.4950666
6.29720455049326,183.66405278,111.42229887,81.28159486,1.00408908,-40.7866745,36.90072167
5.85367853387317,182.8306255,110.90622611,81.47399048,-0.574876579999994,-42.66416597,37.63469884
7.31641083764708,211.63328468,168.33458079,45.26076123,37.88758348,26.6509114,4.99733881
7.75169985636061,210.69731302,165.47479058,46.48337282,36.55573467,23.67574613,5.53333989
8.16461240360279,209.68917431,162.56649343,47.84149604,35.17582911,20.62957965,6.24421217
8.55192692469292,208.68146007,159.72418423,49.31401219,33.78362018,17.60853096,7.10420287
8.91087547999867,207.61778859,156.87606843,50.8871392,32.35405299,14.56041447,8.09068489
9.23902539175917,206.55367721,154.10302436,52.53228765,30.92223873,11.56669151,9.16708968
9.53419547223723,205.44662017,151.35757238,54.24659384,29.46499593,8.57966395999998,10.3571666
9.7944029207931,204.31454529,148.66107963,56.00688036,27.9925526,5.62186928,11.6345018
10.0178359987871,203.13916196,146.00276179,57.79002868,26.50234188,2.69237515,12.98278938
10.2028471267931,201.94402906,143.41330281,59.5647559,25.00249484,-0.185165889999979,14.37014713
10.3479610549441,200.41413313,140.50065623,61.33212648,23.44020629,-3.14215766999999,16.05969657
10.451894883674,199.44834729,138.39749359,62.96456028,21.97008511,-5.78973619999999,17.21959526
10.5135901142423,198.68614736,136.68830475,64.15973231,20.53657128,-8.25045236,18.46360965
10.532253573474,196.71011092,133.44639557,66.20130238,18.88682551,-11.22839338,20.11014222
10.5073962297896,195.78275225,131.73141409,67.52374643,17.38291538,-13.7335088,21.27260216
10.4388605118042,194.2493356,129.24232875,69.0668324,15.83041583,-16.31552856,22.66604448
10.3268355693045,193.46738097,127.84246773,69.94950683,14.37917422,-18.53833424,23.65346188
10.1718643588154,192.24104192,126.02883324,71.44381786,12.80830355,-21.04646637,24.89753547
9.97484628905864,191.41658916,124.73735072,72.14783008,11.36084048,-23.13616011,25.75461442
9.73703824679188,189.96373697,122.84821902,73.46637886,9.77619875000002,-25.59297612,27.08213616
9.46005592796049,189.06808744,121.75246713,73.96187577,8.31251707000001,-27.63961334,27.86623102
9.14587651514458,187.81307314,120.24328706,74.95111136,6.78210715,-29.80140242,29.02411166
8.79684284497882,186.96964238,119.37941022,75.25130242,5.33725143000001,-31.70011127,29.65335202
8.41566832830951,185.93334132,118.338937,76.00422353,3.84813118000002,-33.6701877,30.74788325
8.00544109220769,185.12946767,117.69597888,76.1103502,2.41897631999998,-35.43211748,31.23795858
7.56962516347531,184.32711433,117.16483302,76.18483582,0.986928669999998,-37.14372875,31.74019273
7.11205603942624,183.54921282,116.75813894,76.19455093,-0.426614329999978,-38.76386887,32.20875579
6.63692774236327,182.80246903,116.47294667,76.12669766,-1.82006652000001,-40.29681277,32.63388966
6.14876850431371,182.42128307,116.62762579,76.51209304,-3.16595550000002,-41.71102848,33.63330914
5.65240260236201,181.67889138,116.48960078,76.13022052,-4.51493191999998,-43.0557002,33.72571389
5.15289646062114,180.98717592,116.5206862,75.69058554,-5.85231678,-44.32959782,33.86511749
4.65548776720687,180.8001419,117.127491,75.56913551,-7.16598730000001,-45.54671327,34.52568507
4.16549688392148,180.11691904,117.3053078,74.89274884,-8.40881057999999,-46.50954724,34.28624057
3.68822022634943,179.87286807,118.0073076,74.43951179,-9.71840591999998,-47.64384885,34.70886569
3.22880560010632,179.2291433,118.35735823,73.60607226,-10.90405331,-48.39821891,34.28253927
2.79210975689991,178.92677267,119.16215336,72.85376207,-12.17893649,-49.34914337,34.46907232
2.38254118386452,178.3602284,119.63284505,72.0127827,-13.39512952,-50.17804019,34.11784601
2.00389746620574,178.22763676,120.80479096,70.98642865,-14.51349577,-50.67771836,33.87134649
1.65920806592336,177.68365868,121.41589894,69.9866927,-15.67440762,-51.30735903,33.33291287
1.35058731082407,177.55644427,122.69182195,68.76883616,-16.73297836,-51.61619276,32.8466006
1.07909994044482,177.05223439,123.46557928,67.61472181,-17.83369619,-52.05040688,32.13292648
0.844644987450014,176.96830582,124.88758684,66.22209064,-18.82657207,-52.15406193,31.40851116
0.645866217172456,176.49875728,125.80121002,64.92447628,-19.85526203,-52.36446436,30.49820561
0.480097996314255,176.1245081,126.92693987,63.47902234,-20.83693375,-52.41732967,29.54783499
0.343355774537552,175.83832313,128.20422087,61.94087539,-21.76900371,-52.33254483,28.4821807
0.230380253083258,175.62984824,129.62129708,60.30976356,-22.6554332,-52.11528822,27.2882092
0.134743684129019,175.26986274,130.81105626,58.74991767,-23.43098807,-51.57789737,25.73092893
0.0490254841386305,175.03497606,132.30657278,56.96016052,-24.34876649,-51.44569221,24.60987986
-0.0349376450319762,175.25663993,134.41764488,54.86982208,-25.04884509,-50.7221645,22.8730735
-0.125740911545268,174.86603338,135.65090636,53.22407698,-25.78833794,-50.08234276,21.17574244
-0.232105568260567,174.50358626,136.98717088,51.46102563,-26.53052433,-49.4542074,19.51486199
-0.362667201344166,174.18758286,138.42362489,49.60016495,-27.24853833,-48.7670191,17.80815827
-0.525882743157921,174.47873472,140.91087329,46.78378599,-27.83146815,-47.77426086,15.73005333
-0.730010713193964,174.14739412,142.27958825,45.06139818,-28.49242794,-46.90829829,13.79506387
-0.983125811412228,174.22026709,144.49925569,42.32954179,-28.98743114,-45.65122653,11.38702028
-1.29316311221904,173.88661896,145.86415199,40.61479235,-29.64702441,-44.79597462,9.47743503
-1.66799726731308,174.04895131,148.24102996,37.80047347,-30.03176556,-43.18641279,6.66093721
-2.11555473048088,173.68949626,149.56322079,36.07005929,-30.71524869,-42.46197834,4.8946503
-2.64394746897762,173.40929878,151.06229659,34.14688173,-31.32702995,-41.53705213,2.98036801000001
-3.26161401065643,173.88687725,153.90069299,30.98361802,-31.55969638,-39.64238886,-0.117204729999997
-3.9773471371234,173.51091313,155.1327137,29.31582783,-32.26326338,-38.98611589,-1.80513388
-4.79987086005587,173.34999492,156.81408045,27.11699992,-32.75765443,-37.77770348,-3.9237458
-5.73675468112426,173.03035225,158.03351146,25.55654375,-33.47694819,-37.22665971,-5.53096355
-6.79294584677382,173.06421048,159.93136395,23.260678,-33.90178362,-35.90527422,-7.78526432
-7.96936389314845,173.03059803,161.56172267,21.37118496,-34.47472369,-35.03135226,-9.67667039
-9.26177247464615,172.69796193,162.58395523,20.06577172,-35.25176098,-34.70470832,-11.03258439
-10.6600500451739,172.97542806,164.55302564,17.9942815,-35.71432489,-33.65915214,-13.02981301
-12.1480579743687,172.61523463,165.46979907,16.79740002,-36.488096,-33.37686012,-14.27378246
-13.7041700380694,172.34429249,166.50761439,15.4615705,-37.19441357,-32.96587871,-15.62830576
-15.3022175826884,172.58721672,168.08764146,13.86220191,-37.74036649,-32.30879088,-17.14965351
-16.912557168516,172.12811856,168.5393734,13.11124314,-38.60600921,-32.33394222,-18.0122525
-18.5031459028501,171.80119554,169.32588234,12.0808518,-39.32692318,-32.18556669,-19.05285811
-20.0406015421296,171.89224,170.5083722,10.71387918,-39.88652349,-31.7229471,-20.38371992
-21.4912303860676,171.4950823,170.85189285,10.14107313,-40.6951293,-31.88062188,-21.04025632
-22.8220076619612,171.2200559,171.4229435,9.37586486,-41.38120052,-31.8929813,-21.82965676
-24.0014967126791,170.82554352,171.25844845,9.140894,-42.14500712,-32.22914832,-22.25357293
-25.0006946879988,170.84446937,171.57205901,9.67918446,-43.11983142,-33.2565761,-21.52490732
-25.7937936091088,170.49168834,171.41407478,9.48046384,-43.8189578,-33.57338667,-21.90378178
-26.3588469696295,170.22153401,171.75890019,8.94960245,-44.45916757,-33.79793725,-22.46361221
-26.6783339253753,169.92277257,171.61161884,8.78827573,-45.08441543,-34.08947715,-22.79830707
-26.7396156636975,169.72426674,171.48474684,8.66469523,-45.68715259,-34.56825586,-23.06505851
-26.5352810834307,169.47925453,171.35764099,8.53920034,-46.23779921,-34.82994846,-23.35482471
-26.0633805688539,169.30281619,170.98404509,8.71804101,-46.84478457,-35.49650536,-23.37016601
-25.3275469727162,169.11391122,170.52253061,9.28357933,-47.59514509,-36.43521136,-23.00657115
-24.3370021596158,168.97468625,170.1720517,9.45820667,-48.01240313,-36.84646453,-22.98544437
-23.1064462232221,168.82379345,169.60350532,9.85404402,-48.47912572,-37.42072652,-22.80592406
-21.6558254987296,168.51956149,168.50879557,11.13423761,-49.23937187,-38.74691642,-21.76958659
-20.0099754016614,168.26143516,167.58977644,11.93012534,-49.75303979,-39.56966371,-21.18170108
-18.1981354461791,168.03258725,166.6556689,12.74293311,-50.22009454,-40.36228554,-20.61430717
-16.2533368311593,168.00637694,166.13321378,13.10471505,-50.44515662,-40.71422177,-20.44266646
-14.2116677530641,167.70345137,164.76314525,14.51511011,-51.04909659,-41.92625172,-19.28961243
-12.1114277969412,167.29348051,163.81861016,14.61798677,-51.27002116,-42.1028057,-19.4255151
-9.99218970300396,167.33815703,163.09919341,15.36211805,-51.48009339,-42.55713542,-18.9221475
-7.89379355959016,167.33927987,162.22862639,16.24543012,-51.73588774,-43.16182191,-18.23154848
-5.8553040452004,167.31941542,161.33630569,17.09915763,-51.97658242,-43.73417678,-17.52746087
-3.91396502383752,166.93309569,160.17089279,17.55557536,-52.2807869,-44.28933436,-17.04483387
-2.1041872730715,167.01652363,159.44672899,18.23558806,-52.35236941,-44.53862769,-16.52352364
-0.456604297257805,167.0549281,158.60929523,18.92963541,-52.46232908,-44.87515577,-15.92255159
1.00277191250942,167.06397133,157.74130483,19.55985777,-52.56922952,-45.19117605,-15.32451618
2.25326831833946,166.67915121,156.50983797,19.84829247,-52.78932062,-45.62304978,-14.81911066
3.28010490651653,166.75098182,155.77019452,20.23427052,-52.74206111,-45.63288212,-14.32570198
4.07472149336674,166.74340328,154.93333252,20.4969772,-52.74094082,-45.67540912,-13.9377693
5.90836128729183,221.52368635,194.57724385,28.56806669,56.03474352,57.27143977,3.64000289
6.19150701866612,220.81154719,191.93088052,29.06281783,55.2937613,55.51490399,2.90100459
6.46015495585743,220.14506347,189.20062341,29.90625364,54.39752811,53.39504145,2.48707101
6.71344682603885,219.55583015,186.50698419,30.96634447,53.38898259,51.02583025,2.33120744
6.95075925097006,218.84179528,183.70119204,31.99748522,52.33697185,48.6096765,2.01961735
7.17177696188167,218.03849632,180.78917509,33.19259021,51.20741675,46.0446859,1.87986978
7.37655111704184,217.16231602,177.77817354,34.57114655,49.9981472,43.32048895,1.93418127
7.56552978348931,216.21633222,174.69847384,36.11043899,48.72498078,40.48219488,2.16802572
7.73948318090252,215.22605838,171.59480566,37.80126182,47.38394689,37.53786427,2.60045135
7.89926477967194,214.17979158,168.46047169,39.62737792,45.98523926,34.50913876,3.21720031
8.04548340567416,212.75291707,164.88338386,41.72152468,44.45976297,31.19267755,4.42213469
8.17822665184628,211.91126069,162.14120303,43.6087482,43.03348594,28.26563797,5.05588092
8.29691012818604,210.87736853,159.21142247,45.66329256,41.5016273,25.11181453,6.04529856000001
8.4002577888868,209.30376624,155.6782696,47.89357542,39.82998386,21.68606404,7.58616843
8.48639476989672,208.37663685,153.05182374,49.94738232,38.26403859,18.62226091,8.63109176
8.55302561169191,207.24187951,150.24412195,52.11252721,36.61552878,15.4092795,9.97655836999999
8.59766571924699,206.06444215,147.46709408,54.23707929,34.94214733,12.21948362,11.40340649
8.61789266953784,204.81139967,144.69514113,56.34147545,33.22412971,9.00335087000002,12.90706726
8.61158990593628,203.55979593,142.01675609,58.37476002,31.4922109,5.82867329999999,14.4230836
8.57716611193522,202.25813295,139.37930986,60.3424276,29.73876153,2.67703256000001,15.95201137
8.51373212434861,200.97979791,136.86350552,62.2079222,27.97495669,-0.425050310000017,17.46407147
8.4212082668083,199.69538121,134.43704827,63.98476269,26.20179486,-3.47955450999999,18.95277986
8.30034502608984,198.41984729,132.11830377,65.65776906,24.42019113,-6.48671295999998,20.41251001
8.15266225617894,197.13954134,129.88380291,67.22984294,22.63692682,-9.43188972000002,21.82904531
7.98032435923831,195.57584843,127.36799482,68.71821843,20.87782425,-12.24670796,23.16484296
7.78597217159303,194.50471071,125.61630433,69.96158754,19.07373115,-15.12159878,24.50746676
7.57253292136467,193.38506051,123.87740697,71.1865933,17.30825632,-17.85269369,25.75954852
7.34302836912457,192.04693684,121.901764,72.46541103,15.56494836,-20.47432472,27.00478231
7.1003985141068,191.04693342,120.52976436,73.2206066,13.80257556,-23.03629974,28.05474265
6.84735451610888,189.85685829,118.94906219,74.34676388,12.05692903,-25.58991982,29.2791698
6.58627019550244,188.85877413,117.77612192,74.89501124,10.32053837,-27.99833469,30.19612796
6.3191170288399,187.72640557,116.43810485,75.84332856,8.59762333,-30.40679674,31.40062265
6.04744327888905,186.76127455,115.49812373,76.17349017,6.88744825999999,-32.66211675,32.18450751
5.7723940347597,185.77528326,114.52406006,76.88455323,5.19465602,-34.8959463,33.31563502
5.49476569500776,184.85943126,113.84126556,76.97660646,3.54054513,-36.91752445,33.89036296
5.21508596534753,184.07447725,113.27945218,77.56625994,1.90893097,-38.95436328,35.04218515
4.93370885392161,183.15627789,112.59144417,77.57114163,0.258943840000001,-40.86954237,35.46329516
4.65091344166753,182.27485034,112.31061743,77.31162026,-1.34045331999999,-42.62205175,35.82529055
4.36699532887214,181.41206961,111.98698809,77.15034141,-2.94457075,-44.37922106,36.2733332
4.08234051753962,181.15121918,112.41746506,77.43453958,-4.39970740999999,-45.88344745,37.31757352
3.79747295941869,180.31357331,112.30834323,76.96897462,-5.93410863999998,-47.38004864,37.44132464
3.51306893628012,179.75808336,112.64425219,76.57721021,-7.38378423,-48.65104568,37.83083043
3.22993368744569,178.99590784,112.73052774,75.98946103,-8.83558509,-49.89505221,37.71873227
2.9489381079464,178.83157912,113.61806635,75.55992155,-10.18846266,-50.936894,38.06338155
2.67091578601931,178.07163267,113.89508816,74.74660902,-11.58363768,-51.95423913,37.77348638
2.39652302878388,177.85520555,114.89651622,73.9942176,-12.86646066,-52.72680758,37.76344934
2.12606670886522,177.1413985,115.35181528,73.05528458,-14.22377964,-53.58662263,37.38099008
1.85930659174422,176.97690455,116.58958389,72.01362259,-15.38705272,-53.99680108,36.96665797
1.5952428896783,176.31171792,117.23966255,70.89954007,-16.65562612,-54.57813904,36.35611984
1.33190950306224,175.78220211,118.16068826,69.67027321,-17.84623045,-54.95802933,35.71031211
1.0662000839054,175.36500051,119.27343188,68.35097757,-18.98238627,-55.18749211,34.95827743
0.793746751223415,175.42954727,121.08116225,66.81736955,-19.94167596,-54.96444902,33.97667987
0.508860491676087,174.89355586,122.10637331,65.39585415,-21.06856138,-55.11351422,32.92754505
0.204541348022985,174.50159176,123.44185649,63.79064916,-22.09492123,-54.98956835,31.83318263
-0.127430274531979,174.213386,124.9598356,62.06882735,-23.06500804,-54.71005615,30.59104435
-0.496309839138688,174.43109055,127.16431056,60.0775016,-23.86414842,-54.00209869,29.01226676
-0.912103244285448,173.96833733,128.51290773,58.32773905,-24.83735019,-53.67630772,27.5769658
-1.38517345468613,173.67193288,130.16535741,56.37570846,-25.70263158,-53.07713368,26.03745617
-1.92573678495362,173.47341062,131.97707627,54.31112889,-26.51326992,-52.328727,24.32707874
-2.5432712264201,173.66678282,134.34425878,51.95504219,-27.22150907,-51.34923123,22.31619772
-3.24593583767593,173.29054767,135.89350631,50.01533341,-27.9854625,-50.42621933,20.3260918
-4.04015555251356,173.52532006,138.47703676,47.36501854,-28.60523283,-49.18181397,18.11701483
-4.93044061940058,173.1441406,140.05689553,45.40281153,-29.35936269,-48.26009392,16.15197043
-5.91937899289045,173.23070475,142.5030172,42.6979545,-29.94461131,-46.96571498,13.98320983
-7.00773047143268,173.05253791,144.44609384,40.47337951,-30.55635482,-45.64285783,11.71493665
-8.1946086996242,173.31108677,147.08927509,37.67621294,-31.06064426,-44.14787467,9.14580363
-9.47775092332796,173.08059152,148.94850239,35.5164289,-31.66823045,-42.84201978,6.93220405
-10.853857958086,172.97039026,151.00405444,33.1519181,-32.21843288,-41.44459442,4.62454191
-12.3189347056781,172.94360775,153.1522505,30.7442204,-32.73956233,-40.00488134,2.24367101
-13.8683443723826,173.32461705,155.82827295,27.97443559,-33.1808561,-38.45149883,-0.446478069999998
-15.4961003103849,173.13869108,157.63770407,25.95355897,-33.76663584,-37.1944526,-2.56313919
-17.1933253612125,173.0917104,159.61433044,23.71162317,-34.28722574,-35.84590131,-4.84459423
-18.946475981458,173.38911016,161.94067958,21.34242209,-34.76803097,-34.52400615,-7.23376511
-20.7359606854568,173.2518313,163.5969033,19.47626357,-35.34925103,-33.43340091,-9.20588627
-22.5354897923042,173.20856109,165.30071961,17.56811786,-35.89762448,-32.34710605,-11.22628665
-24.3124303031167,173.38718488,167.11816997,15.71873189,-36.44371979,-31.40593413,-13.1874009
-26.0291719561038,173.43809512,168.6600725,14.19797426,-37.03993321,-30.64607722,-14.8200015
-27.6450452866897,173.16186611,169.64705105,13.00684193,-37.69180902,-30.11981295,-16.15952301
-29.1183175226439,172.83477171,170.42614044,11.98199776,-38.42295129,-29.8244511,-17.35672376
-30.4080875016271,173.31131988,171.90617869,11.05951405,-39.05032422,-29.58761439,-18.44147923
-31.4760333260246,172.95918036,172.39795571,10.3119253,-39.7042144,-29.4197239,-19.33909084
-32.2879745195117,172.70818982,172.94617818,9.49687363,-40.28326119,-29.14689492,-20.42233229
-32.8152184368449,172.48890927,173.30781018,8.86922041,-40.88248608,-29.07523417,-21.36980873
-33.0356683992245,172.13619149,173.14047554,8.6749469,-41.61020537,-29.41248902,-21.76409829
-32.9346781462808,172.12737676,173.80229039,8.03678682,-42.03799641,-29.11962719,-22.94079502
-32.5056433751089,171.91049575,173.63746435,7.95344542,-42.62017322,-29.48731319,-23.26884656
-31.7503262244307,171.84814932,173.60801167,8.16116751,-43.19124363,-29.82316313,-23.69978894
-30.6789126707684,171.66891711,173.32705448,8.21743313,-43.68315936,-30.21766896,-23.85670898
-29.3098063176623,171.514099,172.92815485,8.43186869,-44.16718982,-30.71360653,-23.94533947
-27.6691655797402,171.2751375,172.08559195,9.47839769,-44.85284294,-31.71644769,-23.65318577
-25.7901954206919,171.11012422,171.40538196,9.97007319,-45.30028852,-32.32031255,-23.50614662
-23.7122100135206,170.77122426,170.24175168,11.11733214,-45.89994715,-33.41288004,-22.9547087
-21.4794890392074,170.46102648,169.08336909,12.03315596,-46.40147752,-34.35459899,-22.53928377
-19.139957613242,170.42873755,168.51197194,12.39996891,-46.65373729,-34.83403753,-22.40222176
-16.7437275740767,170.02470214,166.7733286,13.88587809,-47.30233762,-36.27531584,-21.63818574
-14.3415454216325,169.92317114,165.807255,14.52411574,-47.58613321,-36.88850884,-21.36474714
-11.98319872358,169.46956534,164.60452526,14.70846048,-47.64554161,-36.91070232,-22.11989718
-9.71593734080365,169.42766459,163.53353083,15.43396666,-47.96265269,-37.72261666,-21.72795098
-7.58296732916232,169.31997495,162.28200769,16.25743364,-48.30413662,-38.63421184,-21.26683774
-5.62207305465682,168.94897001,160.57617024,17.26118646,-48.74010253,-39.79727625,-20.69922006
-3.8644168411835,168.87994788,159.44582535,17.84034063,-48.94159129,-40.34684119,-20.46285587
-2.33357476150938,168.12373138,157.41466189,18.35114853,-49.22165441,-41.04600209,-20.44638906
-1.04492125977509,168.11905989,156.25537777,18.92238449,-49.41956423,-41.58314678,-20.23140025
7.95391422619231,219.97805591,190.02340959,28.82477761,54.75713452,54.71670577,2.22069214
8.37982011639524,219.48809837,187.54041058,29.54721126,53.89043892,52.67445535,1.73178044
8.76600941010378,218.87342791,185.01156088,30.00716108,52.99829502,50.65887134,0.844892219999998
9.10407798240606,218.03955359,182.28376746,30.41178536,52.08968466,48.63824844,-0.125776750000004
9.38652408671321,217.38994776,179.63693437,31.40877944,50.9964691,46.18961695,-0.375057540000004
9.60711049352524,216.4930859,176.82767339,32.15273306,49.92746548,43.8802348,-1.03372312
9.76116456946284,215.710161,174.09344857,33.35042289,48.70702545,41.22786241,-1.06752403
9.84573041389143,214.81459526,171.29162472,34.56936536,47.46442146,38.58911175,-1.13426533999999
9.85952127861263,213.80422671,168.37881328,35.99024915,46.15968093,35.85642593,-0.95891606
9.80274403149471,212.79536438,165.52473482,37.59942095,44.80887593,33.06308711,-0.519495200000001
9.67690577460202,211.68617392,162.59014066,39.40488687,43.4008202,30.18891006,0.178563689999997
9.48464886318886,210.16102118,159.1842084,41.53931907,41.88383337,27.09628747,1.48880340000001
9.22961542633163,209.24695425,156.64677578,43.46700045,40.44410663,24.32698084,2.29627757
8.91633367525909,207.75683595,153.44045377,45.80490624,38.86464249,21.22946117,3.9077685
8.55011585428699,206.78579482,150.97434097,47.91518096,37.35367992,18.42107079,5.04359267
8.1369569486517,205.62404715,148.33912764,50.26469924,35.78169229,15.48863001,6.64155024
7.68342430345228,204.35636092,145.66262433,52.63404682,34.16978821,12.54458107,8.36542985000001
7.19653090453864,202.60716847,142.49864448,54.95274502,32.48627805,9.54659827,10.26103161
6.68359092176077,201.55506858,140.2673248,57.15983309,30.86747113,6.74673531000002,11.81390896
6.15206347298725,200.35862422,137.94776871,59.42396027,29.22921776,3.94652356999998,13.62794997
5.60938896313114,199.07503294,135.62085301,61.57956762,27.56718294,1.16890096,15.42094803
5.06281501750837,197.74443652,133.32375185,63.62101559,25.89127682,-1.56641260999999,17.16958091
4.51921266528745,196.44699177,131.16895068,65.5078333,24.21588325,-4.22940642999998,18.83237455
3.98489386644248,195.16718602,129.12911079,67.28810174,22.53824072,-6.83373273000001,20.44620536
3.4654451386614,193.92459694,127.23390419,68.92522096,20.86246235,-9.37798485999998,21.9924262
2.96559004848671,192.69365973,125.43151302,70.44543235,19.19789851,-11.83985497,23.46110593
2.48909014059817,191.49512092,123.77244567,71.81507146,17.53278191,-14.24646656,24.85758904
2.03869027136877,190.32790908,122.23473414,73.0545241,15.8803718,-16.56959373,26.16726087
1.61611068331441,189.20546453,120.8489992,74.13712748,14.23324479,-18.83329689,27.39534145
1.22208482161804,188.10719354,119.57361745,75.12129121,12.60588487,-21.00029092,28.55073186
0.856439066524572,187.06187389,118.47024729,75.91723916,10.99466056,-23.0819543,29.59089702
0.518208353559149,186.04372503,117.47036589,76.63123701,9.38960089,-25.10775638,30.58888512
0.205780109652405,185.08404062,116.65729263,77.12359255,7.80146292999999,-27.04670504,31.44119799
-0.0829420038806159,184.15131393,115.89284915,77.70899983,6.24465688999999,-28.89161476,32.35481266
-0.350363501320997,183.28278131,115.39513688,77.85967085,4.69260358999998,-30.64436856,32.9794793
-0.59902270254938,182.45958869,114.98985212,78.0225158,3.16789385999999,-32.31090504,33.5938976
-0.831421526540613,181.60765936,114.57121985,77.90741787,1.64976565000001,-33.92905196,33.89478617
-1.04987209114532,181.059148,114.75492874,77.93975817,0.263975669999979,-35.21386797,34.41547949
-1.25636728041503,180.25327212,114.67769089,77.4711206,-1.17338291000002,-36.50666897,34.41116074
-1.45248275597009,179.48328211,114.74574954,76.96535585,-2.57475671,-37.69273045,34.4176198
-1.63931701328899,178.77290266,114.83605318,76.63456024,-4.03821995999999,-39.09435106,34.74010205
-1.81747504862688,178.16511228,115.24788036,75.95236587,-5.32048286,-39.96397981,34.50090516
-1.98709996535036,178.1967412,116.4651679,75.19597546,-6.44467616,-40.45234497,34.03364743
-2.14795527427674,177.49122428,116.87822779,74.29548447,-7.73930016,-41.29215354,33.62805481
-2.29955707515208,176.91230129,117.51574593,73.36129094,-9.00320907000003,-42.02513519,33.24953752
-2.44134699042361,176.97429527,119.0523321,72.07304847,-9.97209397,-42.04769482,32.16052826
-2.57288834334536,176.341667,119.75615765,70.93047153,-11.1765894,-42.58914728,31.51989418
-2.69406909648737,175.85252264,120.71788972,69.65419417,-12.2845858,-42.89162624,30.73162167
-2.80530099785394,175.86392024,122.43212532,67.99911733,-13.13549827,-42.54217319,29.39960582
-2.90770402278151,175.64970035,123.87091357,66.40919367,-14.10225385,-42.45328485,28.20477711
-3.00326090073774,175.34756538,125.24344122,64.78899694,-15.04994277,-42.30422409,27.04860562
-3.0949247392361,174.91890667,126.45410293,63.23202608,-16.04575055,-42.27402685,25.99524666
-3.18666315715421,175.03670563,128.52572442,61.1621539,-16.781093,-41.55974341,24.4077593
-3.28342360012891,174.55439499,129.66037239,59.59632466,-17.62368801,-41.03261444,22.86073214
-3.39100673999736,174.77494843,132.02429336,57.32075816,-18.4663568,-40.656476,21.68717358
-3.51583818720493,174.37216094,133.47254507,55.5147308,-19.29901673,-40.16176302,20.45694472
-3.66465680503426,173.9765551,134.81758568,53.78356539,-20.04158065,-39.38728282,18.73061901
-3.84421221961786,174.53435157,137.75917288,51.09406421,-20.72368676,-38.53941182,17.17742762
-4.06109577362998,174.10152836,139.08074937,49.39384501,-21.46957226,-37.79640051,15.51898737
-4.32173562873918,173.8378558,140.95942208,47.17765074,-22.15726503,-36.95776497,14.20595796
-4.63248861522668,173.50328643,142.43419448,45.37150708,-22.86600811,-36.1230026,12.39332618
-4.99977263908801,174.426722,145.97587724,42.24736386,-23.34066753,-34.72617626,10.28841611
-5.43023083840989,174.00025104,147.33279594,40.5560926,-24.08546914,-34.0107641,8.63916284
-5.93092697787319,173.817285,149.33424281,38.2202362,-24.62950056,-32.77614998,6.84854086
-6.50955757879422,173.73492357,151.3423166,35.94106385,-25.19455672,-31.64318892,4.89803053
-7.17465111819145,174.33719887,154.27402322,33.131853,-25.73289617,-30.45954701,2.69250326
-7.93554888762549,174.07184796,155.89750131,31.28067863,-26.33661469,-29.42522674,0.85003609
-8.80167017788223,174.3722646,158.40844363,28.60038039,-26.85280723,-28.182464,-1.38498809
-9.78083064739513,174.1697573,160.09528252,26.68066345,-27.43407552,-27.10584915,-3.28373704000001
-10.8771126673134,174.11577355,161.98288146,24.46303308,-27.98210858,-25.99261176,-5.36613681
-12.0889351341437,174.37557795,164.16863098,22.12095186,-28.5335144,-24.98874753,-7.5196141
-13.4076775610204,174.17650368,165.68888261,20.32164683,-29.13847714,-24.0946035,-9.30911375
-14.817169769839,174.09078305,167.30714941,18.31281015,-29.72024888,-23.20387989,-11.27593112
-16.294193679847,174.03717303,168.8540992,16.41769758,-30.32137869,-22.42924117,-13.16082015
-17.8096933076981,174.36287282,170.52762643,15.04810452,-31.12426137,-22.30694031,-14.35950451
-19.3302513416855,173.99897241,171.49820005,13.45549187,-31.75291312,-21.71666865,-15.97798526
-20.8196144854104,173.74147021,172.46366779,11.9548671,-32.41713324,-21.28713224,-17.59399399
-22.2402070404621,173.86091101,173.61026786,10.94870173,-33.12356649,-21.14489921,-18.74973861
-23.5545955291679,173.41423914,174.05334624,9.77330468,-33.90784934,-21.16338851,-20.00264665
-24.7268688033539,173.23295256,174.55282638,9.17901974,-34.66897495,-21.3136856,-20.88112965
-25.7239017523639,172.77610442,174.70216105,8.44192843,-35.50278596,-21.68250084,-21.68736305
-26.5164764870609,172.38653581,174.88428333,7.69186143,-36.26569907,-21.95586867,-22.58701329
-27.0802423150667,172.08981093,175.01290124,7.0183148,-36.95581646,-22.15294435,-23.58753609
-27.3965039959692,171.73780106,174.8222526,6.84926683,-37.65652652,-22.51700401,-23.92915715
-27.4528354336408,171.40352142,174.74383615,6.42139339,-38.47442685,-23.26971847,-24.70024139
-27.2435219791595,171.11026315,174.57018216,6.2910039,-39.09339319,-23.60110354,-24.99556349
-26.7698381263783,170.72408765,173.98645475,6.34249814,-39.99290961,-24.85464465,-25.23730579
-26.0401682768013,170.492145,173.83001849,6.2546526,-40.52639776,-25.14880879,-25.48553395
-25.0699764918524,170.16064437,172.86004168,7.07811848,-41.33525004,-26.46879721,-25.41175819
-23.8816270832336,169.92338827,172.25587069,7.31940944,-41.93548005,-27.26541776,-25.42876923
-22.5040520915073,169.64374707,171.37447839,7.84251437,-42.63980856,-28.42040203,-25.25714393
-20.9722549200871,169.40158382,170.52322313,8.46154798,-43.27105029,-29.50927928,-25.00017138
-19.3266324617429,169.07811119,169.34102799,9.786353,-43.9903489,-30.88660158,-24.34999798
-17.6120917883015,168.94680266,168.66731426,10.20483805,-44.41625614,-31.59795026,-24.20403515
-15.8769325823105,168.76482606,167.63777759,10.96970406,-44.97154931,-32.71714904,-23.83865899
-14.1714635557665,168.47071543,166.2523502,12.56187608,-45.66302584,-34.24301314,-22.99297123
-12.5463205794322,168.08267483,165.11886182,13.12455456,-45.93144239,-34.6407026,-23.26514463
-11.0504564698593,168.03951508,164.26689666,13.83208891,-46.34717485,-35.55537235,-22.94604923
-9.72877759951899,168.04204381,163.39682378,14.84635211,-46.74906433,-36.50025462,-22.52297915
-8.61941099131322,168.01386116,162.51748695,15.52283827,-47.09538908,-37.31742639,-22.31101739
-7.7505978472214,168.02070681,161.81621486,16.00431634,-47.32498102,-37.81538072,-22.18723537
-7.1372263972107,168.00977988,161.42475212,15.63082385,-47.2367747,-37.43593976,-23.47736204
-6.77703958078618,168.04127327,160.71608853,16.06895276,-47.4607682,-37.95807771,-23.3734461
-6.6465823926714,168.07443428,159.98717168,16.44680259,-47.66369855,-38.43394487,-23.38707493
-6.69699079301812,168.12774588,159.5327579,16.16341174,-47.56201221,-38.12571609,-24.44787617
-6.84977034823167,168.15573534,158.81110576,16.41395671,-47.75792136,-38.5499368,-24.4753728
-6.99277004595249,168.11257168,158.40001809,15.50116367,-47.52970663,-37.8486177,-26.21547026
-6.97750677913278,168.15798588,157.72838292,15.55652515,-47.66782478,-38.11243432,-26.38315536
-6.62854603647302,168.1501403,157.05212548,15.09374674,-47.70308777,-38.14400213,-27.08718979
-5.78467225764515,168.18653625,156.40192111,15.22830019,-47.76918044,-38.2939278,-27.20480076
-4.36057280455596,167.8198623,155.65614019,13.56437561,-47.34052882,-36.9563584,-29.87032562
-2.37565727067309,167.86083274,154.85329995,13.66354516,-47.45384647,-37.16214879,-29.90320764
0.0732980768933998,167.69068607,154.0678188,12.84586188,-47.31659254,-36.80818713,-30.6646899
2.86092491876053,167.68860803,152.99626968,13.29089449,-47.40026454,-36.95857154,-30.63951231
5.87441063593977,167.18668738,151.75377779,12.57344888,-47.06984918,-36.09405473,-31.93426514
9.04531148045788,167.24633158,150.77011397,13.17473639,-47.10781289,-36.28573289,-31.55154715
12.3634900330495,167.19247626,149.41286015,13.97871344,-47.11147949,-36.43247064,-30.66753327
15.8610916709282,166.69821856,147.94999118,14.04711895,-46.79892804,-35.72665448,-30.79827591
19.5758325477409,166.76899011,146.76669282,15.15234184,-46.70410538,-35.72195906,-29.78089512
23.5174880221053,166.59291554,145.52502988,15.88680902,-46.39505255,-35.14081196,-28.89344263
27.6552953278712,166.67283946,144.36933515,17.26894512,-46.15873624,-34.81978864,-27.53059431
31.9271567288023,166.60896608,143.2567811,18.28769596,-45.71668702,-34.03382808,-26.24836396
